,Name,Link,Github,Category,Blockchain
0,Oasis,https://www.stateofthedapps.com/dapps/oasis,https://github.com/MakerDAO?utm_source=StateOfTheDApps,Finance,Ethereum
1,Ethereum Name Service,https://www.stateofthedapps.com/dapps/ethereum-name-service,https://github.com/ensdomains?utm_source=StateOfTheDApps,Property,Ethereum
2,Decentraland,https://www.stateofthedapps.com/dapps/decentraland,https://github.com/decentraland?utm_source=StateOfTheDApps,Property,Ethereum
3,NEAR Crowd,https://www.stateofthedapps.com/dapps/near-crowd,https://github.com/NEARCrowd/NEARCrowd?utm_source=StateOfTheDApps,Social,NEAR
4,Lido,https://www.stateofthedapps.com/dapps/lido,https://github.com/lidofinance?utm_source=StateOfTheDApps,DeFi,Ethereum
5,Chainlink,https://www.stateofthedapps.com/dapps/chainlink,https://github.com/smartcontractkit/chainlink?utm_source=StateOfTheDApps,Security,Ethereum
6,Uniswap,https://www.stateofthedapps.com/dapps/uniswap,https://github.com/Uniswap?utm_source=StateOfTheDApps,DeFi,Ethereum
7,Livepeer,https://www.stateofthedapps.com/dapps/livepeer,https://github.com/livepeer?utm_source=StateOfTheDApps,Social,Ethereum
8,Status,https://www.stateofthedapps.com/dapps/status,https://github.com/status-im?utm_source=StateOfTheDApps,Wallet,Ethereum
9,0x,https://www.stateofthedapps.com/dapps/0x,https://github.com/0xProject?utm_source=StateOfTheDApps,DeFi,Ethereum
10,Compound,https://www.stateofthedapps.com/dapps/compound,https://github.com/compound-finance?utm_source=StateOfTheDApps,DeFi,Ethereum
11,Convergence Finance,https://www.stateofthedapps.com/dapps/convergence-finance,https://github.com/Convergence-Finance?utm_source=StateOfTheDApps,DeFi,Ethereum
12,Oasis,https://www.stateofthedapps.com/dapps/oasis,https://github.com/MakerDAO?utm_source=StateOfTheDApps,Finance,Ethereum
13,Ethereum Name Service,https://www.stateofthedapps.com/dapps/ethereum-name-service,https://github.com/ensdomains?utm_source=StateOfTheDApps,Property,Ethereum
14,Decentraland,https://www.stateofthedapps.com/dapps/decentraland,https://github.com/decentraland?utm_source=StateOfTheDApps,Property,Ethereum
15,NEAR Crowd,https://www.stateofthedapps.com/dapps/near-crowd,https://github.com/NEARCrowd/NEARCrowd?utm_source=StateOfTheDApps,Social,NEAR
16,Lido,https://www.stateofthedapps.com/dapps/lido,https://github.com/lidofinance?utm_source=StateOfTheDApps,DeFi,Ethereum
17,Chainlink,https://www.stateofthedapps.com/dapps/chainlink,https://github.com/smartcontractkit/chainlink?utm_source=StateOfTheDApps,Security,Ethereum
18,Uniswap,https://www.stateofthedapps.com/dapps/uniswap,https://github.com/Uniswap?utm_source=StateOfTheDApps,DeFi,Ethereum
19,Livepeer,https://www.stateofthedapps.com/dapps/livepeer,https://github.com/livepeer?utm_source=StateOfTheDApps,Social,Ethereum
20,Status,https://www.stateofthedapps.com/dapps/status,https://github.com/status-im?utm_source=StateOfTheDApps,Wallet,Ethereum
21,0x,https://www.stateofthedapps.com/dapps/0x,https://github.com/0xProject?utm_source=StateOfTheDApps,DeFi,Ethereum
22,Compound,https://www.stateofthedapps.com/dapps/compound,https://github.com/compound-finance?utm_source=StateOfTheDApps,DeFi,Ethereum
23,Convergence Finance,https://www.stateofthedapps.com/dapps/convergence-finance,https://github.com/Convergence-Finance?utm_source=StateOfTheDApps,DeFi,Ethereum
24,Basic Attention Token,https://www.stateofthedapps.com/dapps/basic-attention-token,https://github.com/brave-intl?utm_source=StateOfTheDApps,Wallet,Ethereum
25,OpenSea,https://www.stateofthedapps.com/dapps/opensea,https://github.com/ProjectOpenSea?utm_source=StateOfTheDApps,NFT,Ethereum
26,SingularityNET,https://www.stateofthedapps.com/dapps/singularitynet,https://github.com/singnet?utm_source=StateOfTheDApps,Marketplaces,Ethereum
27,SushiSwap,https://www.stateofthedapps.com/dapps/sushiswap,https://github.com/sushiswap?utm_source=StateOfTheDApps,Finance,Ethereum
28,Nexo,https://www.stateofthedapps.com/dapps/nexo,https://github.com/nexofinance/NEXO-Token?utm_source=StateOfTheDApps,Finance,Ethereum
29,Ocean Market,https://www.stateofthedapps.com/dapps/ocean-market,https://github.com/oceanprotocol?utm_source=StateOfTheDApps,Marketplaces,Ethereum
30,OmiseGO,https://www.stateofthedapps.com/dapps/omisego,https://github.com/omgnetwork?utm_source=StateOfTheDApps,Exchanges,Ethereum
31,Unstoppable Domains,https://www.stateofthedapps.com/dapps/unstoppable-domains,https://github.com/unstoppabledomains?utm_source=StateOfTheDApps,Wallet,Ethereum
32,Origin Protocol,https://www.stateofthedapps.com/dapps/origin-protocol,https://github.com/originprotocol?utm_source=StateOfTheDApps,Marketplaces,Ethereum
33,Lescovex DEX,https://www.stateofthedapps.com/dapps/lescovex-dex,https://github.com/Lescovex/LSCX?utm_source=StateOfTheDApps,Exchanges,Ethereum
34,Balancer,https://www.stateofthedapps.com/dapps/balancer,https://github.com/balancer-labs?utm_source=StateOfTheDApps,Finance,Ethereum
35,DeFi Yield Protocol,https://www.stateofthedapps.com/dapps/defi-yield-protocol,https://github.com/dypfinance?utm_source=StateOfTheDApps,Yield-farming,Ethereum
36,Kromatika,https://www.stateofthedapps.com/dapps/kromatika,https://github.com/Kromatika-Finance?utm_source=StateOfTheDApps,DeFi,Ethereum
37,Request Network,https://www.stateofthedapps.com/dapps/request-network,https://github.com/RequestNetwork?utm_source=StateOfTheDApps,Finance,Ethereum
38,Ostable,https://www.stateofthedapps.com/dapps/ostable,https://github.com/byteball/bonded-stablecoin-ui?utm_source=StateOfTheDApps,Finance,Obyte
39,CryptoSkulls,https://www.stateofthedapps.com/dapps/cryptoskulls,https://github.com/alexsslayer/crypto-skull?utm_source=StateOfTheDApps,Media,Ethereum
40,Scalable Dollar Protocol,https://www.stateofthedapps.com/dapps/scalable-dollar-protocol,https://github.com/mrsoltaz?utm_source=StateOfTheDApps,Finance,Ethereum
41,Band Protocol,https://www.stateofthedapps.com/dapps/band-protocol,https://github.com/bandprotocol?utm_source=StateOfTheDApps,Development,Ethereum
42,Aave Protocol,https://www.stateofthedapps.com/dapps/aave-protocol,https://github.com/aave?utm_source=StateOfTheDApps,Finance,Ethereum
43,Storj,https://www.stateofthedapps.com/dapps/storj,https://github.com/Storj?utm_source=StateOfTheDApps,Tools,Ethereum
44,Unstoppable NFT Backup,https://www.stateofthedapps.com/dapps/unstoppable-nft-backup,https://github.com/aleph-im?utm_source=StateOfTheDApps,NFT,Ethereum
45,Quantstamp Security Network,https://www.stateofthedapps.com/dapps/quantstamp-security-network,https://github.com/quantstamp?utm_source=StateOfTheDApps,Security,Ethereum
46,KyberNetwork,https://www.stateofthedapps.com/dapps/kybernetwork,https://github.com/kyberNetwork?utm_source=StateOfTheDApps,DeFi,Ethereum
47,Idle Finance,https://www.stateofthedapps.com/dapps/idle-finance,https://github.com/Idle-Labs/idle-contracts?utm_source=StateOfTheDApps,Yield-farming,Ethereum
48,Inverse finance,https://www.stateofthedapps.com/dapps/inverse-finance,https://github.com/InverseFinance?utm_source=StateOfTheDApps,Yield-farming,Ethereum
49,Kromatika Finance,https://www.stateofthedapps.com/dapps/kromatika-finance,https://github.com/Kromatika-Finance?utm_source=StateOfTheDApps,Exchanges,Ethereum
50,PEAKDEFI,https://www.stateofthedapps.com/dapps/peakdefi,https://github.com/peakdefi?utm_source=StateOfTheDApps,DeFi,Ethereum
51,Symbiosis Finance,https://www.stateofthedapps.com/dapps/symbiosis-finance,https://github.com/symbiosis-finance?utm_source=StateOfTheDApps,DeFi,Ethereum
52,OpenOcean,https://www.stateofthedapps.com/dapps/openocean,https://github.com/openocean-finance?utm_source=StateOfTheDApps,Exchanges,Ethereum
53,Polymath,https://www.stateofthedapps.com/dapps/polymath,https://github.com/polymathnetwork?utm_source=StateOfTheDApps,Finance,Ethereum
54,AirSwap,https://www.stateofthedapps.com/dapps/airswap,https://github.com/airswap?utm_source=StateOfTheDApps,Exchanges,Ethereum
55,Bancor Network (EOS),https://www.stateofthedapps.com/dapps/bancor-network-eos,https://github.com/bancorprotocol/contracts?utm_source=StateOfTheDApps,Exchanges,EOS
56,Plasma Finance,https://www.stateofthedapps.com/dapps/plasma-finance,https://github.com/plasmadlt?utm_source=StateOfTheDApps,DeFi,Ethereum
57,IoTeX-Voting-Portal,https://www.stateofthedapps.com/dapps/iotex-voting-portal,https://github.com/iotexproject?utm_source=StateOfTheDApps,Governance,Ethereum
58,OctoFi,https://www.stateofthedapps.com/dapps/octofi,https://github.com/octofi?utm_source=StateOfTheDApps,DeFi,Ethereum
59,Notional Finance,https://www.stateofthedapps.com/dapps/notional-finance,https://github.com/notional-finance?utm_source=StateOfTheDApps,DeFi,Ethereum
60,Fuse Studio,https://www.stateofthedapps.com/dapps/fuse-studio,https://github.com/fuseio?utm_source=StateOfTheDApps,Finance,Ethereum
61,xDai-DAI bridge,https://www.stateofthedapps.com/dapps/xdai-dai-bridge,https://github.com/poanetwork/token-bridge?utm_source=StateOfTheDApps,Finance,xDai
62,KnownOrigin Marketplace,https://www.stateofthedapps.com/dapps/knownorigin-marketplace,https://github.com/knownorigin/known-origin-web3-marketplace?utm_source=StateOfTheDApps,Marketplaces,Ethereum
63,Counterstake on Obyte,https://www.stateofthedapps.com/dapps/counterstake-on-obyte,https://github.com/byteball/counterstake-bridge?utm_source=StateOfTheDApps,DeFi,Obyte
64,Enjin Coin,https://www.stateofthedapps.com/dapps/enjin-coin,https://github.com/enjin?utm_source=StateOfTheDApps,Games,Ethereum
65,Kleros,https://www.stateofthedapps.com/dapps/kleros,https://github.com/kleros?utm_source=StateOfTheDApps,Governance,Ethereum
66,SelfKey,https://www.stateofthedapps.com/dapps/selfkey,https://github.com/selfkeyfoundation?utm_source=StateOfTheDApps,Identity,Ethereum
67,NiobFinance,https://www.stateofthedapps.com/dapps/niobfinance,https://github.com/niobfinance?utm_source=StateOfTheDApps,Finance,BSC
68,Token Multisender,https://www.stateofthedapps.com/dapps/token-multisender,https://github.com/peppersec/multisender_statistics?utm_source=StateOfTheDApps,Finance,Ethereum
69,Datamine,https://www.stateofthedapps.com/dapps/datamine,https://github.com/Datamine-Crypto?utm_source=StateOfTheDApps,DeFi,Ethereum
70,Samurai Legends,https://www.stateofthedapps.com/dapps/samurai-legends,https://github.com/Samurai-Legends?utm_source=StateOfTheDApps,Games,BSC
71,THIRM,https://www.stateofthedapps.com/dapps/thirm,https://github.com/thirmprotocol?utm_source=StateOfTheDApps,DeFi,Ethereum
72,Golem,https://www.stateofthedapps.com/dapps/golem,https://github.com/golemfactory/golem?utm_source=StateOfTheDApps,Development,Ethereum
73,SparkPoint Wallet,https://www.stateofthedapps.com/dapps/sparkpoint-wallet,https://github.com/sparkpointio?utm_source=StateOfTheDApps,Wallet,Ethereum
74,Rocket Pool,https://www.stateofthedapps.com/dapps/rocket-pool,https://github.com/darcius/rocketpool?utm_source=StateOfTheDApps,Development,Ethereum
75,Deversifi,https://www.stateofthedapps.com/dapps/deversifi,https://github.com/deversifi?utm_source=StateOfTheDApps,Exchanges,Ethereum
76,Vesper Finance,https://www.stateofthedapps.com/dapps/vesper-finance,https://github.com/vesperfi?utm_source=StateOfTheDApps,Yield-farming,Ethereum
77,Cryptovoxels,https://www.stateofthedapps.com/dapps/cryptovoxels,https://github.com/cryptovoxels?utm_source=StateOfTheDApps,NFT,Ethereum
78,Ink Protocol,https://www.stateofthedapps.com/dapps/ink-protocol,https://github.com/InkProtocol?utm_source=StateOfTheDApps,Marketplaces,Ethereum
79,Axie Infinity,https://www.stateofthedapps.com/dapps/axie-infinity,https://github.com/axieinfinity?utm_source=StateOfTheDApps,Games,Ethereum
80,GoldPesa,https://www.stateofthedapps.com/dapps/goldpesa,https://github.com/GoldPesa/goldpesa-core?utm_source=StateOfTheDApps,Exchanges,Ethereum
81,Reviewhunt,https://www.stateofthedapps.com/dapps/reviewhunt,https://github.com/Steemhunt?utm_source=StateOfTheDApps,Marketplaces,Ethereum
82,deBridge,https://www.stateofthedapps.com/dapps/debridge,https://github.com/debridge-finance?utm_source=StateOfTheDApps,DeFi,Ethereum
83,Republic Protocol,https://www.stateofthedapps.com/dapps/republic-protocol,https://github.com/republicprotocol?utm_source=StateOfTheDApps,Exchanges,Ethereum
84,Gnosis,https://www.stateofthedapps.com/dapps/gnosis,https://github.com/gnosis?utm_source=StateOfTheDApps,Exchanges,Ethereum
85,Token BulkSender,https://www.stateofthedapps.com/dapps/token-bulksender,https://github.com/howeguo/Token-multisender?utm_source=StateOfTheDApps,Finance,Ethereum
86,SuperApp,https://www.stateofthedapps.com/dapps/superapp,https://github.com/DexKit?utm_source=StateOfTheDApps,Wallet,Ethereum
87,Bloom,https://www.stateofthedapps.com/dapps/bloom,https://github.com/hellobloom?utm_source=StateOfTheDApps,Finance,Ethereum
88,HashKings,https://www.stateofthedapps.com/dapps/hashkings,https://github.com/dpdanpittman/Final-Hashkings?utm_source=StateOfTheDApps,NFT,Hive
89,Aavegotchi,https://www.stateofthedapps.com/dapps/aavegotchi,https://github.com/aavegotchi/aavegotchi-wiki?utm_source=StateOfTheDApps,NFT,Ethereum
90,FOAM,https://www.stateofthedapps.com/dapps/foam,https://github.com/f-o-a-m?utm_source=StateOfTheDApps,Property,Ethereum
91,Liquidity Mining,https://www.stateofthedapps.com/dapps/liquidity-mining,https://github.com/byteball/liquidity-providers-distribution?utm_source=StateOfTheDApps,Yield-farming,Obyte
92,DigixGlobal,https://www.stateofthedapps.com/dapps/digixglobal,https://github.com/DigixGlobal?utm_source=StateOfTheDApps,Finance,Ethereum
93,LORDLESS,https://www.stateofthedapps.com/dapps/lordless,https://github.com/lordlessio?utm_source=StateOfTheDApps,Games,Ethereum
94,War Riders,https://www.stateofthedapps.com/dapps/war-riders,https://github.com/warriders?utm_source=StateOfTheDApps,Games,Ethereum
95,Non-Fungible Soup,https://www.stateofthedapps.com/dapps/non-fungible-soup,https://github.com/patrn-me/soups-smart-contracts?utm_source=StateOfTheDApps,NFT,Ethereum
96,Degen'$ Farm,https://www.stateofthedapps.com/dapps/degen-farm,https://github.com/chichicoding/degens.farm-contracts?utm_source=StateOfTheDApps,NFT,Ethereum
97,Cryptopunks,https://www.stateofthedapps.com/dapps/cryptopunks,https://github.com/larvalabs/cryptopunks?utm_source=StateOfTheDApps,Marketplaces,Ethereum
98,DeFi Swap,https://www.stateofthedapps.com/dapps/defi-swap,https://github.com/crypto-com/swap-contracts-core?utm_source=StateOfTheDApps,Exchanges,Ethereum
99,XYO World,https://www.stateofthedapps.com/dapps/xyo-world,https://github.com/XYOracleNetwork?utm_source=StateOfTheDApps,Tools,Ethereum
100,Colony,https://www.stateofthedapps.com/dapps/colony,https://github.com/JoinColony?utm_source=StateOfTheDApps,Governance,Ethereum
101,PolyCub,https://www.stateofthedapps.com/dapps/polycub,https://github.com/CubFinance/polycub-contracts?utm_source=StateOfTheDApps,DeFi,Ethereum
102,MondrianNFT,https://www.stateofthedapps.com/dapps/mondriannft,https://github.com/patrn-me?utm_source=StateOfTheDApps,NFT,Ethereum
103,Token Registry,https://www.stateofthedapps.com/dapps/token-registry,https://github.com/byteball/token-registry-aa?utm_source=StateOfTheDApps,Governance,Obyte
104,AirCash,https://www.stateofthedapps.com/dapps/aircash,https://github.com/Aircoin-official?utm_source=StateOfTheDApps,DeFi,BSC
105,Instadapp Lite,https://www.stateofthedapps.com/dapps/instadapp-lite,https://github.com/Instadapp?utm_source=StateOfTheDApps,DeFi,Ethereum
106,2key,https://www.stateofthedapps.com/dapps/2key,https://github.com/2key?utm_source=StateOfTheDApps,Social,Ethereum
107,Pickle Finance,https://www.stateofthedapps.com/dapps/pickle-finance,https://github.com/pickle-finance/contracts?utm_source=StateOfTheDApps,Finance,Ethereum
108,Monolith,https://www.stateofthedapps.com/dapps/monolith,https://github.com/tokencard?utm_source=StateOfTheDApps,Finance,Ethereum
109,Etheremon,https://www.stateofthedapps.com/dapps/etheremon,https://github.com/etheremon/smartcontract?utm_source=StateOfTheDApps,Games,Ethereum
110,Aragon,https://www.stateofthedapps.com/dapps/aragon,https://github.com/aragon?utm_source=StateOfTheDApps,Governance,Ethereum
111,mStable,https://www.stateofthedapps.com/dapps/mstable,https://github.com/mstable?utm_source=StateOfTheDApps,DeFi,Ethereum
112,Marscolony,https://www.stateofthedapps.com/dapps/marscolony,https://github.com/marscolony-io?utm_source=StateOfTheDApps,Games,BSC
113,SpankChain,https://www.stateofthedapps.com/dapps/spankchain,https://github.com/spankchain?utm_source=StateOfTheDApps,Social,Ethereum
114,CryptoAtoms,https://www.stateofthedapps.com/dapps/cryptoatoms,https://github.com/Project312/CryptoAtoms?utm_source=StateOfTheDApps,Games,Ethereum
115,Bauhaus Blocks,https://www.stateofthedapps.com/dapps/bauhaus-blocks,https://github.com/patrn-me?utm_source=StateOfTheDApps,NFT,Ethereum
116,Staking Lossless Lottery,https://www.stateofthedapps.com/dapps/staking-lossless-lottery,https://github.com/StakinOfficial?utm_source=StateOfTheDApps,Finance,ICON
117,Tornado Cash,https://www.stateofthedapps.com/dapps/tornado-cash,https://github.com/peppersec/tornado-mixer?utm_source=StateOfTheDApps,Finance,Ethereum
118,Minds,https://www.stateofthedapps.com/dapps/minds,https://github.com/minds?utm_source=StateOfTheDApps,Social,Ethereum
119,IDEX,https://www.stateofthedapps.com/dapps/idex,https://github.com/AuroraDAO?utm_source=StateOfTheDApps,Exchanges,Ethereum
120,pancakeswap,https://www.stateofthedapps.com/dapps/pancakeswap,https://github.com/pancakeswap?utm_source=StateOfTheDApps,Yield-farming,BSC
121,Deversifi Voting Dapp,https://www.stateofthedapps.com/dapps/deversifi-voting-dapp,https://github.com/ethfinex?utm_source=StateOfTheDApps,Exchanges,Ethereum
122,Atomex,https://www.stateofthedapps.com/dapps/atomex,https://github.com/atomex-me/atomex.client.wpf?utm_source=StateOfTheDApps,Exchanges,Ethereum
123,Sorbet Finance,https://www.stateofthedapps.com/dapps/sorbet-finance,https://github.com/gelatodigital?utm_source=StateOfTheDApps,DeFi,Ethereum
124,Evolution Land,https://www.stateofthedapps.com/dapps/evolution-land,https://github.com/evolutionlandorg?utm_source=StateOfTheDApps,Games,Ethereum
125,Augur,https://www.stateofthedapps.com/dapps/augur,https://github.com/AugurProject?utm_source=StateOfTheDApps,Exchanges,Ethereum
126,0xBitcoin,https://www.stateofthedapps.com/dapps/0xbitcoin,https://github.com/0xbitcoin?utm_source=StateOfTheDApps,Finance,Ethereum
127,MoonBeans,https://www.stateofthedapps.com/dapps/moonbeans,https://github.com/m00nbeans?utm_source=StateOfTheDApps,DeFi,Moonriver
128,Crypto Eli,https://www.stateofthedapps.com/dapps/crypto-eli,https://github.com/martinsawstrom/weth9?utm_source=StateOfTheDApps,Finance,Ethereum
129,DODO,https://www.stateofthedapps.com/dapps/dodo,https://github.com/DODOEX?utm_source=StateOfTheDApps,DeFi,Ethereum
130,Sapien Network,https://www.stateofthedapps.com/dapps/sapien-network,https://github.com/SapienNetwork?utm_source=StateOfTheDApps,Social,Ethereum
131,PlotX,https://www.stateofthedapps.com/dapps/plotx,https://github.com/plotx/smart-contracts?utm_source=StateOfTheDApps,DeFi,Ethereum
132,Polkamarkets,https://www.stateofthedapps.com/dapps/polkamarkets,https://github.com/Polkamarkets?utm_source=StateOfTheDApps,Finance,Moonriver
133,SunContract,https://www.stateofthedapps.com/dapps/suncontract,https://github.com/SunContract?utm_source=StateOfTheDApps,Energy,Ethereum
134,Multiven Open Marketplace,https://www.stateofthedapps.com/dapps/multiven-open-marketplace,https://github.com/Multiven-Group-BV?utm_source=StateOfTheDApps,Marketplaces,Ethereum
135,DutchX,https://www.stateofthedapps.com/dapps/dutchx,https://github.com/gnosis/dx-contracts?utm_source=StateOfTheDApps,Exchanges,Ethereum
136,district0x,https://www.stateofthedapps.com/dapps/district0x,https://github.com/district0x?utm_source=StateOfTheDApps,Marketplaces,Ethereum
137,Counterstake on Ethereum,https://www.stateofthedapps.com/dapps/counterstake-on-ethereum,https://github.com/byteball/counterstake-sdk?utm_source=StateOfTheDApps,DeFi,Ethereum
138,Cryptower Game,https://www.stateofthedapps.com/dapps/cryptower-game,https://github.com/Cryptower?utm_source=StateOfTheDApps,Games,Ethereum
139,NFTZine,https://www.stateofthedapps.com/dapps/nftzine,https://github.com/art101nft?utm_source=StateOfTheDApps,NFT,Ethereum
140,aelf,https://www.stateofthedapps.com/dapps/aelf,https://github.com/aelfProject?utm_source=StateOfTheDApps,Development,Ethereum
141,Lunch Money,https://www.stateofthedapps.com/dapps/lunch-money,https://github.com/LunchMoneyToken/LunchMoney?utm_source=StateOfTheDApps,Social,Ethereum
142,Yup,https://www.stateofthedapps.com/dapps/yup,https://github.com/Yup-io?utm_source=StateOfTheDApps,Social,EOS
143,BNbitcoin,https://www.stateofthedapps.com/dapps/bnbitcoin,https://github.com/BNbitcoin?utm_source=StateOfTheDApps,Finance,BSC
144,SynLev,https://www.stateofthedapps.com/dapps/synlev,https://github.com/CryptoIcarus/SynLev?utm_source=StateOfTheDApps,DeFi,Ethereum
145,T1 Arbitrage,https://www.stateofthedapps.com/dapps/t1-arbitrage,https://angryxx.github.io/arb-aa-ui/?utm_source=StateOfTheDApps,DeFi,Obyte
146,Sablier,https://www.stateofthedapps.com/dapps/sablier,https://github.com/sablierhq?utm_source=StateOfTheDApps,Finance,Ethereum
147,CanWork,https://www.stateofthedapps.com/dapps/canwork,https://github.com/canyacoin/canwork-web-ui?utm_source=StateOfTheDApps,Marketplaces,Ethereum
148,TokenBB Batch Transfer,https://www.stateofthedapps.com/dapps/tokenbb-batch-transfer,https://github.com/tokenbb-com?utm_source=StateOfTheDApps,Tools,Ethereum
149,Veridex,https://www.stateofthedapps.com/dapps/veridex,https://github.com/VeriSafe/VeriDex?utm_source=StateOfTheDApps,Exchanges,Ethereum
150,NoLossClub,https://www.stateofthedapps.com/dapps/nolossclub,https://github.com/nolossclub?utm_source=StateOfTheDApps,Games,BSC
151,Fiscus fyi,https://www.stateofthedapps.com/dapps/fiscus-fyi,https://github.com/Fiscus-fyi?utm_source=StateOfTheDApps,NFT,Ethereum
152,Morpher,https://www.stateofthedapps.com/dapps/morpher,https://github.com/Morpher-io?utm_source=StateOfTheDApps,Finance,Ethereum
153,Swash,https://www.stateofthedapps.com/dapps/swash,https://github.com/swashapp/swash?utm_source=StateOfTheDApps,Social,Ethereum
154,Genesis Vision,https://www.stateofthedapps.com/dapps/genesis-vision,https://github.com/GenesisVision?utm_source=StateOfTheDApps,Finance,Ethereum
155,CashCow Protocol,https://www.stateofthedapps.com/dapps/cashcow-protocol,https://github.com/CashCowProject?utm_source=StateOfTheDApps,Yield-farming,BSC
156,Meme Factory,https://www.stateofthedapps.com/dapps/meme-factory,https://github.com/district0x?utm_source=StateOfTheDApps,Marketplaces,Ethereum
157,Raiden Network,https://www.stateofthedapps.com/dapps/raiden-network,https://github.com/raiden-network?utm_source=StateOfTheDApps,Exchanges,Ethereum
158,TOAD,https://www.stateofthedapps.com/dapps/toad,https://github.com/ToadNetwork?utm_source=StateOfTheDApps,DeFi,Moonriver
159,ENS Manager,https://www.stateofthedapps.com/dapps/ens-manager,https://github.com/portalnetwork/ens-manager?utm_source=StateOfTheDApps,Identity,Ethereum
160,Swarm City,https://www.stateofthedapps.com/dapps/swarm-city,https://github.com/swarmcity?utm_source=StateOfTheDApps,Finance,Ethereum
161,Melonport,https://www.stateofthedapps.com/dapps/melonport,https://github.com/melonproject?utm_source=StateOfTheDApps,Finance,Ethereum
162,Ambire AdEx,https://www.stateofthedapps.com/dapps/ambire-adex,https://github.com/AmbireTech?utm_source=StateOfTheDApps,Media,Ethereum
163,Zin Finance,https://www.stateofthedapps.com/dapps/zin-finance,https://github.com/ZinFinance/Zin?utm_source=StateOfTheDApps,DeFi,Ethereum
164,MysteriumVPN,https://www.stateofthedapps.com/dapps/mysteriumvpn,https://github.com/MysteriumNetwork?utm_source=StateOfTheDApps,Security,Ethereum
165,Numerai,https://www.stateofthedapps.com/dapps/numerai,https://github.com/numerai?utm_source=StateOfTheDApps,Tools,Ethereum
166,Santiment,https://www.stateofthedapps.com/dapps/santiment,https://github.com/santiment?utm_source=StateOfTheDApps,Finance,Ethereum
167,dlux,https://www.stateofthedapps.com/dapps/dlux,https://github.com/dluxio?utm_source=StateOfTheDApps,NFT,Hive
168,Solarbeam,https://www.stateofthedapps.com/dapps/solarbeam,https://github.com/solarbeamio?utm_source=StateOfTheDApps,DeFi,Moonriver
169,Gimmer,https://www.stateofthedapps.com/dapps/gimmer,https://github.com/GimmerBot?utm_source=StateOfTheDApps,Finance,Ethereum
170,Mtrade,https://www.stateofthedapps.com/dapps/mtrade,https://github.com/d1ggy1bh/MCL?utm_source=StateOfTheDApps,DeFi,BSC
171,DexKit,https://www.stateofthedapps.com/dapps/dexkit,https://github.com/dexkit?utm_source=StateOfTheDApps,DeFi,Ethereum
172,PIXBY Cold Staking,https://www.stateofthedapps.com/dapps/pixby-cold-staking,https://github.com/shadiyarPXB/PIXBY-Project-Inc?utm_source=StateOfTheDApps,Finance,Ethereum
173,Zenlink,https://www.stateofthedapps.com/dapps/zenlink,https://github.com/zenlinkpro?utm_source=StateOfTheDApps,DeFi,Moonriver
174,LikeCoin,https://www.stateofthedapps.com/dapps/likecoin,https://github.com/likecoin?utm_source=StateOfTheDApps,Identity,Ethereum
175,BambooDeFi,https://www.stateofthedapps.com/dapps/bamboodefi,https://github.com/bamboo-defi?utm_source=StateOfTheDApps,Finance,Ethereum
176,Risq Protocol OptionsDesk,https://www.stateofthedapps.com/dapps/risq-protocol-optionsdesk,https://github.com/risqprotocol?utm_source=StateOfTheDApps,Exchanges,BSC
177,My DeFi Pet,https://www.stateofthedapps.com/dapps/my-defi-pet,https://github.com/kardiachain/go-kardia?utm_source=StateOfTheDApps,NFT,Ethereum
178,Huckleberry,https://www.stateofthedapps.com/dapps/huckleberry,https://github.com/HuckleberryDex?utm_source=StateOfTheDApps,DeFi,Moonriver
179,Lock,https://www.stateofthedapps.com/dapps/lock,https://github.com/lockfinance?utm_source=StateOfTheDApps,Finance,Ethereum
180,Darkwinds,https://www.stateofthedapps.com/dapps/darkwinds,https://github.com/megoforce/darkwinds?utm_source=StateOfTheDApps,Games,Ethereum
181,ERC20Faucet,https://www.stateofthedapps.com/dapps/erc20faucet,https://github.com/peppersec/erc20faucet?utm_source=StateOfTheDApps,Development,Ethereum
182,Primas,https://www.stateofthedapps.com/dapps/primas,https://github.com/primasio?utm_source=StateOfTheDApps,Social,Ethereum
183,Exon Center,https://www.stateofthedapps.com/dapps/exon-center,https://github.com/exon-center?utm_source=StateOfTheDApps,Exchanges,TRON
184,Neverland Finance,https://www.stateofthedapps.com/dapps/neverland-finance,https://github.com/neverlandfinance?utm_source=StateOfTheDApps,DeFi,Klaytn
185,DADA,https://www.stateofthedapps.com/dapps/dada,https://github.com/powerdada/dada_sc?utm_source=StateOfTheDApps,Media,Ethereum
186,Ulysses Contract,https://www.stateofthedapps.com/dapps/ulysses-contract,https://gist.github.com/gvandriel?utm_source=StateOfTheDApps,Social,Ethereum
187,AGOV,https://www.stateofthedapps.com/dapps/agov,https://github.com/answerswap/agov?utm_source=StateOfTheDApps,NFT,Klaytn
188,NEST,https://www.stateofthedapps.com/dapps/nest,https://github.com/NEST-Protocol?utm_source=StateOfTheDApps,DeFi,Ethereum
189,Emoji Wars,https://www.stateofthedapps.com/dapps/emoji-wars,https://github.com/Emoji-Wars?utm_source=StateOfTheDApps,Games,BSC
190,Gods Unchained,https://www.stateofthedapps.com/dapps/gods-unchained,https://github.com/fuelgames?utm_source=StateOfTheDApps,Games,Ethereum
191,Dragonereum,https://www.stateofthedapps.com/dapps/dragonereum,https://github.com/dragonereum?utm_source=StateOfTheDApps,Games,Ethereum
192,Fulcrum,https://www.stateofthedapps.com/dapps/fulcrum,https://github.com/bzxnetwork?utm_source=StateOfTheDApps,DeFi,Ethereum
193,CryptoMiner World,https://www.stateofthedapps.com/dapps/cryptominer-world,https://github.com/CryptoMinerWorld/crypto-miner?utm_source=StateOfTheDApps,Games,Ethereum
194,FriendsFingers,https://www.stateofthedapps.com/dapps/friendsfingers,https://github.com/friendsfingers?utm_source=StateOfTheDApps,Finance,Ethereum
195,Carpe DAO,https://www.stateofthedapps.com/dapps/carpe-dao,https://github.com/CarpeDAO?utm_source=StateOfTheDApps,NFT,Ethereum
196,Rabona,https://www.stateofthedapps.com/dapps/rabona,https://github.com/rondras/footballmanager-frontend?utm_source=StateOfTheDApps,Games,Hive
197,Dovu,https://www.stateofthedapps.com/dapps/dovu,https://github.com/dovuofficial?utm_source=StateOfTheDApps,Energy,Ethereum
198,Australopithecus NFT,https://www.stateofthedapps.com/dapps/australopithecus-nft,https://github.com/hideckies/australopithecus?utm_source=StateOfTheDApps,NFT,Ethereum
199,Mycontract,https://www.stateofthedapps.com/dapps/mycontract,https://github.com/XinFinOrg/MyContract?utm_source=StateOfTheDApps,Development,Ethereum
200,Theta Network,https://www.stateofthedapps.com/dapps/theta-network,https://github.com/thetatoken?utm_source=StateOfTheDApps,Media,Ethereum
201,Mochi Market,https://www.stateofthedapps.com/dapps/mochi-market,https://github.com/mochi-lab?utm_source=StateOfTheDApps,NFT,BSC
202,Enigma,https://www.stateofthedapps.com/dapps/enigma,https://github.com/enigmampc/enigma-docker-network?utm_source=StateOfTheDApps,Development,Ethereum
