,Name,Link,Github,Owner,Category,Blockchain
0,PancakeSwap,https://dappradar.com/binance-smart-chain/defi/pancakeswap,https://github.com/pancakeswap,pancakeswap,defi,binance-smart-chain
1,AtomicAssets,https://dappradar.com/multichain/other/atomicassets,https://github.com/pinknetworkx/atomicassets-contracts,pinknetworkx,other,multichain
2,AtomicMarket,https://dappradar.com/multichain/marketplaces/atomicmarket,https://github.com/pinknetworkx,pinknetworkx,marketplaces,multichain
3,Axie Infinity,https://dappradar.com/multichain/games/axie-infinity,https://freakitties.github.io/axie/,axie,games,multichain
4,X World Games,https://dappradar.com/binance-smart-chain/games/x-world-games,https://github.com/XWorldGames,XWorldGames,games,binance-smart-chain
5,1inch Network,https://dappradar.com/multichain/defi/1inch-network,https://github.com/1inch,1inch,defi,multichain
6,Uniswap V3,https://dappradar.com/multichain/exchanges/uniswap-v3,https://github.com/Uniswap,Uniswap,exchanges,multichain
7,QuickSwap,https://dappradar.com/polygon/exchanges/quickswap,https://github.com/QuickSwap,QuickSwap,exchanges,polygon
8,Trader Joe,https://dappradar.com/avalanche/defi/trader-joe,https://github.com/traderjoe-xyz,traderjoe-xyz,defi,avalanche
9,DeFi Kingdoms,https://dappradar.com/multichain/games/defi-kingdoms,https://github.com/DefiKingdoms,DefiKingdoms,games,multichain
10,MeanFi,https://dappradar.com/solana/defi/meanfi,https://github.com/mean-dao/mean-sdk,mean-dao,defi,solana
11,Transit Swap,https://dappradar.com/multichain/exchanges/transit-swap,https://github.com/transit-finance,transit-finance,exchanges,multichain
12,SecondLive,https://dappradar.com/binance-smart-chain/games/secondlive,https://github.com/SecondLive,SecondLive,games,binance-smart-chain
13,ApeSwap,https://dappradar.com/multichain/defi/apeswap,https://github.com/apeswapfinance,apeswapfinance,defi,multichain
14,Aavegotchi,https://dappradar.com/polygon/games/aavegotchi,https://github.com/aavegotchi,aavegotchi,games,polygon
15,Snook,https://dappradar.com/polygon/games/snook,https://github.com/playsnook/onchain,playsnook,games,polygon
16,AES Finance,https://dappradar.com/polygon/defi/aes-finance,https://github.com/aestandard,aestandard,defi,polygon
17,ApolloX,https://dappradar.com/multichain/defi/apollox,https://github.com/apollox-finance/apollox-finance-api-docs/blob/master/apollox-finance-api.md,apollox-finance,defi,multichain
18,tofuNFT,https://dappradar.com/multichain/marketplaces/tofunft,https://github.com/scv-finance,scv-finance,marketplaces,multichain
19,Ethereum Name Service,https://dappradar.com/ethereum/other/ethereum-name-service,https://github.com/ensdomains,ensdomains,other,ethereum
20,KlimaDao,https://dappradar.com/polygon/social/klimadao,https://github.com/KlimaDAO,KlimaDAO,social,polygon
21,Bitcoin HODL Club,https://dappradar.com/binance-smart-chain/high-risk/bitcoin-hodl-club,https://github.com/BitcoinHC/SmartContracts,BitcoinHC,high-risk,binance-smart-chain
22,Everscale DePools and Staking,https://dappradar.com/everscale/defi/everscale-depools-and-staking,https://github.com/tonlabs,tonlabs,defi,everscale
23,Aave,https://dappradar.com/optimism/defi/aave,https://github.com/aave,aave,defi,optimism
24,Hic et Nunc,https://dappradar.com/tezos/marketplaces/hic-et-nunc,https://github.com/hicetnunc2000,hicetnunc2000,marketplaces,tezos
25,Beethoven X,https://dappradar.com/fantom/defi/beethoven-x,https://github.com/beethovenxfi,beethovenxfi,defi,fantom
26,Position Exchange,https://dappradar.com/binance-smart-chain/defi/position-exchange,https://github.com/PositionExchange,PositionExchange,defi,binance-smart-chain
27,Tranquil Finance,https://dappradar.com/harmony/defi/tranquil-finance,https://github.com/tranquil-finance,tranquil-finance,defi,harmony
28,Balancer,https://dappradar.com/multichain/exchanges/balancer,https://github.com/balancer-labs/,balancer-labs,exchanges,multichain
29,Teia,https://dappradar.com/tezos/marketplaces/teia,https://github.com/teia-community/,teia-community,marketplaces,tezos
30,HOP Protocol,https://dappradar.com/multichain/exchanges/hop-protocol,https://github.com/hop-protocol,hop-protocol,exchanges,multichain
31,StellaSwap,https://dappradar.com/moonbeam/exchanges/stellaswap,https://github.com/stellaswap,stellaswap,exchanges,moonbeam
32,Across,https://dappradar.com/multichain/other/across,https://github.com/across-protocol,across-protocol,other,multichain
33,sudoswap,https://dappradar.com/ethereum/marketplaces/sudoswap,https://github.com/sudoswap,sudoswap,marketplaces,ethereum
34,Ref Finance,https://dappradar.com/near/exchanges/ref-finance,https://github.com/ref-finance,ref-finance,exchanges,near
35,Aave V2,https://dappradar.com/ethereum/defi/aave-v2,https://github.com/aave/aave-protocol,aave,defi,ethereum
36,BabySwap,https://dappradar.com/binance-smart-chain/defi/babyswap,https://github.com/babyswap,babyswap,defi,binance-smart-chain
37,Venus Protocol,https://dappradar.com/binance-smart-chain/defi/venus-protocol,https://github.com/VenusProtocol,VenusProtocol,defi,binance-smart-chain
38,LIDO,https://dappradar.com/multichain/defi/lido,https://github.com/lidofinance,lidofinance,defi,multichain
39,CelerNetwork,https://dappradar.com/multichain/defi/celernetwork,https://github.com/celer-network,celer-network,defi,multichain
40,Pangolin Exchange,https://dappradar.com/avalanche/defi/pangolin-exchange,https://github.com/pangolindex,pangolindex,defi,avalanche
41,Elk Finance,https://dappradar.com/multichain/defi/elk-finance,https://github.com/elkfinance,elkfinance,defi,multichain
42,SpiritSwap,https://dappradar.com/fantom/defi/spiritswap,https://github.com/Layer3Org/spiritswap-core/,Layer3Org,defi,fantom
43,SpookySwap,https://dappradar.com/fantom/exchanges/spookyswap,https://github.com/SpookySwap,SpookySwap,exchanges,fantom
44,Pizza Game,https://dappradar.com/avalanche/games/pizza-game,https://github.com/pizzacapital/pizza_game_contracts,pizzacapital,games,avalanche
45,Nested,https://dappradar.com/multichain/defi/nested,https://github.com/NestedFi/nested-core-lego,NestedFi,defi,multichain
46,Libero Financial,https://dappradar.com/binance-smart-chain/defi/libero-financial,https://github.com/liberofinancial/LiberoFinancial,liberofinancial,defi,binance-smart-chain
47,Curve,https://dappradar.com/multichain/defi/curve,https://github.com/curvefi,curvefi,defi,multichain
48,CronaSwap,https://dappradar.com/cronos/defi/cronaswap,https://github.com/cronaswap,cronaswap,defi,cronos
49,AirCash,https://dappradar.com/binance-smart-chain/defi/aircash,https://github.com/Aircoin-official,Aircoin-official,defi,binance-smart-chain
50,GoodGhosting,https://dappradar.com/multichain/defi/goodghosting,https://github.com/Good-Ghosting,Good-Ghosting,defi,multichain
51,Million on Mars,https://dappradar.com/wax/games/million-on-mars,https://github.com/MillionOnMars,MillionOnMars,games,wax
52,Beefy Finance,https://dappradar.com/multichain/defi/beefy-finance,https://github.com/beefyfinance,beefyfinance,defi,multichain
53,Beamswap,https://dappradar.com/moonbeam/exchanges/beamswap,https://github.com/BeamSwap,BeamSwap,exchanges,moonbeam
54,TTSwap,https://dappradar.com/thundercore/exchanges/ttswap,https://github.com/thundercore,thundercore,exchanges,thundercore
55,EVER Surf,https://dappradar.com/everscale/defi/ever-surf,https://github.com/tonlabs/Surf-Releases,tonlabs,defi,everscale
56,SimpleAssets,https://dappradar.com/multichain/other/simpleassets,https://github.com/CryptoLions/SimpleAssets,CryptoLions,other,multichain
57,Tap Fantasy,https://dappradar.com/multichain/games/tap-fantasy,https://github.com/tapfantasy/,tapfantasy,games,multichain
58,ArthSwap,https://dappradar.com/astar/defi/arthswap,https://github.com/ArthSwap,ArthSwap,defi,astar
59,EverRise,https://dappradar.com/multichain/defi/everrise,https://github.com/everrise-ecosystem,everrise-ecosystem,defi,multichain
60,Benqi,https://dappradar.com/avalanche/defi/benqi,https://github.com/Benqi-fi,Benqi-fi,defi,avalanche
61,GiftDapp,https://dappradar.com/multichain/social/giftdapp,https://github.com/rigelprotocol,rigelprotocol,social,multichain
62,CUBE,https://dappradar.com/binance-smart-chain/marketplaces/cube,https://github.com/itamgames,itamgames,marketplaces,binance-smart-chain
63,PEAKDEFI,https://dappradar.com/binance-smart-chain/defi/peakdefi,https://github.com/peakdefi,peakdefi,defi,binance-smart-chain
64,ClaimSwap,https://dappradar.com/klaytn/defi/claimswap,https://github.com/claimswap,claimswap,defi,klaytn
65,TT Farm,https://dappradar.com/thundercore/defi/tt-farm,https://github.com/HenLisa,HenLisa,defi,thundercore
66,KAIDEX,https://dappradar.com/kardiachain/defi/kaidex,https://github.com/kardia-solutions/kaidex-core,kardia-solutions,defi,kardiachain
67,Clash Dome,https://dappradar.com/wax/games/clash-dome,https://github.com/ClashDome,ClashDome,games,wax
68,Alpaca Finance,https://dappradar.com/binance-smart-chain/defi/alpaca-finance,https://github.com/alpaca-finance,alpaca-finance,defi,binance-smart-chain
69,PRDT,https://dappradar.com/multichain/gambling/prdt,https://github.com/PRDTfinance,PRDTfinance,gambling,multichain
70,CherrySwap,https://dappradar.com/oec/defi/cherryswap,https://github.com/cherryswapnet,cherryswapnet,defi,oec
71,Burrow,https://dappradar.com/near/defi/burrow,https://github.com/NearDeFi/,NearDeFi,defi,near
72,Octus Bridge,https://dappradar.com/multichain/defi/octus-bridge,https://github.com/broxus/octusbridge-contracts,broxus,defi,multichain
73,Mones,https://dappradar.com/binance-smart-chain/games/mones,https://github.com/mones-nfts/mones-nfts,mones-nfts,games,binance-smart-chain
74,Versum,https://dappradar.com/tezos/marketplaces/versum,https://github.com/versumstudios,versumstudios,marketplaces,tezos
75,XY Finance,https://dappradar.com/multichain/exchanges/xy-finance,https://github.com/XY-Finance,XY-Finance,exchanges,multichain
76,Crypto Shots,https://dappradar.com/wax/games/crypto-shots,https://github.com/Crypto-Shots,Crypto-Shots,games,wax
77,ALEX,https://dappradar.com/stacks/defi/alex,https://github.com/alexgo-io,alexgo-io,defi,stacks
78,impactMarket,https://dappradar.com/celo/other/impactmarket,https://github.com/impactMarket,impactMarket,other,celo
79,ISTEP,https://dappradar.com/binance-smart-chain/games/istep,https://github.com/istepofficial/token-smartcontract,istepofficial,games,binance-smart-chain
80,Solarflare,https://dappradar.com/moonbeam/exchanges/solarflare,https://github.com/solarbeamio,solarbeamio,exchanges,moonbeam
81,KLAYMETA,https://dappradar.com/klaytn/games/klaymeta,https://github.com/KlayMeta,KlayMeta,games,klaytn
82,Larix,https://dappradar.com/solana/defi/larix,https://github.com/ProjectLarix,ProjectLarix,defi,solana
83,LEONICORN SWAP,https://dappradar.com/multichain/defi/leonicorn-swap,https://github.com/Leonicornswap,Leonicornswap,defi,multichain
84,Meta Pool,https://dappradar.com/near/defi/meta-pool,https://github.com/Narwallets/meta-pool,Narwallets,defi,near
85,Compound,https://dappradar.com/ethereum/defi/compound,https://github.com/compound-finance/compound-protocol,compound-finance,defi,ethereum
86,Aldrin,https://dappradar.com/solana/defi/aldrin,https://github.com/aldrin-exchange,aldrin-exchange,defi,solana
87,Cometh,https://dappradar.com/polygon/games/cometh,https://github.com/cometh-game,cometh-game,games,polygon
88,WigoSwap,https://dappradar.com/fantom/defi/wigoswap,https://github.com/wigoswap,wigoswap,defi,fantom
89,Folks Finance,https://dappradar.com/algorand/defi/folks-finance,https://github.com/Folks-Finance,Folks-Finance,defi,algorand
90,Mirror,https://dappradar.com/multichain/defi/mirror,https://github.com/Mirror-Protocol/mirror-web-app,Mirror-Protocol,defi,multichain
91,OpenLeverage,https://dappradar.com/multichain/defi/openleverage,https://github.com/OpenLeverageDev/openleverage-contracts,OpenLeverageDev,defi,multichain
92,Acorn Finance,https://dappradar.com/thundercore/exchanges/acorn-finance,https://github.com/acorn-finance,acorn-finance,exchanges,thundercore
93,WardenSwap,https://dappradar.com/multichain/defi/wardenswap,https://github.com/WardenSwap,WardenSwap,defi,multichain
94,BetSwirl,https://dappradar.com/multichain/gambling/betswirl,https://github.com/BetSwirl,BetSwirl,gambling,multichain
95,FlatQube,https://dappradar.com/everscale/defi/flatqube,https://github.com/broxus/ton-dex,broxus,defi,everscale
96,9D NFT,https://dappradar.com/binance-smart-chain/games/9d-nft,https://github.com/COGI-Technology/cogi_contracts,COGI-Technology,games,binance-smart-chain
97,dYdX,https://dappradar.com/ethereum/defi/dydx,https://github.com/dydxprotocol,dydxprotocol,defi,ethereum
98,Mento-fi,https://dappradar.com/celo/exchanges/mento-fi,https://github.com/celo-tools/mento-fi,celo-tools,exchanges,celo
99,zeroswap,https://dappradar.com/multichain/exchanges/zeroswap,https://github.com/ZeroSwapLabs,ZeroSwapLabs,exchanges,multichain
100,Depth,https://dappradar.com/multichain/defi/depth,https://github.com/depthfinance/contract,depthfinance,defi,multichain
101,Celestial,https://dappradar.com/multichain/games/celestial,https://github.com/CeltGame,CeltGame,games,multichain
102,Planbetter,https://dappradar.com/stacks/defi/planbetter,https://github.com/planbetter,planbetter,defi,stacks
103,NiobFinance,https://dappradar.com/binance-smart-chain/defi/niobfinance,https://github.com/niobfinance,niobfinance,defi,binance-smart-chain
104,Fuse staking,https://dappradar.com/fuse/defi/fuse-staking,https://github.com/fuseio,fuseio,defi,fuse
105,Sturdy Finance,https://dappradar.com/fantom/defi/sturdy-finance,https://github.com/sturdyfi,sturdyfi,defi,fantom
106,JulSwap,https://dappradar.com/binance-smart-chain/defi/julswap,https://github.com/justliquidity,justliquidity,defi,binance-smart-chain
107,Popcorn,https://dappradar.com/multichain/defi/popcorn,https://github.com/popcorndao/,popcorndao,defi,multichain
108,Kalmar,https://dappradar.com/binance-smart-chain/defi/kalmar,https://github.com/kalmar-io,kalmar-io,defi,binance-smart-chain
109,Jetswap,https://dappradar.com/multichain/exchanges/jetswap,https://github.com/jetfuelfinance,jetfuelfinance,exchanges,multichain
110,Tetu,https://dappradar.com/polygon/defi/tetu,https://github.com/tetu-io,tetu-io,defi,polygon
111,Ram Protocol,https://dappradar.com/thundercore/defi/ram-protocol,https://github.com/ram-protocol,ram-protocol,defi,thundercore
112,Flexa,https://dappradar.com/ethereum/defi/flexa,https://github.com/amptoken,amptoken,defi,ethereum
113,PlotX,https://dappradar.com/polygon/gambling/plotx,https://github.com/plotx/smart-contracts,plotx,gambling,polygon
114,Candle Genie,https://dappradar.com/multichain/gambling/candle-genie,https://github.com/candlegenie,candlegenie,gambling,multichain
115,Avault,https://dappradar.com/astar/defi/avault,https://github.com/AVaultFinance,AVaultFinance,defi,astar
116,Planet,https://dappradar.com/binance-smart-chain/defi/planet,https://github.com/planetfinance,planetfinance,defi,binance-smart-chain
117,ARIES FINANCIAL V2,https://dappradar.com/binance-smart-chain/defi/aries-financial-v2,https://github.com/ariesfinancial/Aries-Financial,ariesfinancial,defi,binance-smart-chain
118,Paçoca,https://dappradar.com/binance-smart-chain/defi/paçoca,https://github.com/Pacoca-io,Pacoca-io,defi,binance-smart-chain
119,Hector Finance,https://dappradar.com/fantom/defi/hector-finance,https://github.com/Hector-DAO,Hector-DAO,defi,fantom
120,LZ Swap,https://dappradar.com/binance-smart-chain/exchanges/lz-swap,https://github.com/launchzone,launchzone,exchanges,binance-smart-chain
121,Magician,https://dappradar.com/polygon/exchanges/magician,https://github.com/MagicBallSwap/core,MagicBallSwap,exchanges,polygon
122,Bake Pizza Miner,https://dappradar.com/binance-smart-chain/high-risk/bake-pizza-miner,https://github.com/BakePizzaIO/contracts,BakePizzaIO,high-risk,binance-smart-chain
123,FATExDAO,https://dappradar.com/harmony/defi/fatexdao,https://github.com/orgs/FATEx-DAO/repositories,orgs,defi,harmony
124,Polycat Finance,https://dappradar.com/polygon/defi/polycat-finance,https://github.com/polycatfi,polycatfi,defi,polygon
125,QuipuSwap,https://dappradar.com/tezos/exchanges/quipuswap,https://github.com/madfish-solutions/quipuswap-core,madfish-solutions,exchanges,tezos
126,UMA,https://dappradar.com/multichain/defi/uma,https://github.com/umaprotocol,umaprotocol,defi,multichain
127,BakerySwap,https://dappradar.com/binance-smart-chain/defi/bakeryswap,https://github.com/BakeryProject,BakeryProject,defi,binance-smart-chain
128,Alpha Homora,https://dappradar.com/multichain/defi/alpha-homora,https://github.com/AlphaFinanceLab/alphahomora,AlphaFinanceLab,defi,multichain
129,Cryptocookies,https://dappradar.com/polygon/games/cryptocookies,https://github.com/cryptocookiesdao,cryptocookiesdao,games,polygon
130,VoltSwap,https://dappradar.com/theta/defi/voltswap,https://github.com/meterio/voltswap/tree/voltswap,meterio,defi,theta
131,Vortex,https://dappradar.com/tezos/defi/vortex,https://github.com/Smartlinkhub/Smartlink-Escrow,Smartlinkhub,defi,tezos
132,Annex Finance,https://dappradar.com/multichain/defi/annex-finance,https://github.com/annexfinance/annex-protocol,annexfinance,defi,multichain
133,TEN Finance,https://dappradar.com/binance-smart-chain/defi/ten-finance,https://github.com/tenfinance,tenfinance,defi,binance-smart-chain
134,Astar Exchange,https://dappradar.com/astar/exchanges/astar-exchange,https://github.com/astarexchange,astarexchange,exchanges,astar
135,World Bet Club,https://dappradar.com/binance-smart-chain/gambling/world-bet-club,https://github.com/worldbetdev/contract,worldbetdev,gambling,binance-smart-chain
136,FarmersOnlyFi,https://dappradar.com/harmony/defi/farmersonlyfi,https://github.com/FarmersOnlyFi,FarmersOnlyFi,defi,harmony
137,Euler Finance,https://dappradar.com/ethereum/defi/euler-finance,https://github.com/orgs/euler-xyz,orgs,defi,ethereum
138,Destiny World,https://dappradar.com/telos/other/destiny-world,https://github.com/destinydevteam,destinydevteam,other,telos
139,Dinosaur Eggs,https://dappradar.com/binance-smart-chain/marketplaces/dinosaur-eggs,https://github.com/dinosaur-eggs/core,dinosaur-eggs,marketplaces,binance-smart-chain
140,PolyCub,https://dappradar.com/polygon/defi/polycub,https://github.com/CubFinance,CubFinance,defi,polygon
141,Thetanuts,https://dappradar.com/multichain/defi/thetanuts,https://github.com/Theta-Nuts,Theta-Nuts,defi,multichain
142,BecoSwap,https://dappradar.com/kardiachain/defi/becoswap,https://github.com/becoswap,becoswap,defi,kardiachain
143,Alchemix,https://dappradar.com/ethereum/defi/alchemix,https://github.com/alchemix-finance,alchemix-finance,defi,ethereum
144,Huckleberry,https://dappradar.com/moonriver/defi/huckleberry,https://github.com/HuckleberryDEX,HuckleberryDEX,defi,moonriver
145,MiningTycoon V2,https://dappradar.com/multichain/games/miningtycoon-v2,https://github.com/nextypefinance/miningtycoon,nextypefinance,games,multichain
146,PolkaBridge,https://dappradar.com/ethereum/defi/polkabridge,https://github.com/cyclese96,cyclese96,defi,ethereum
147,Algem,https://dappradar.com/astar/defi/algem,https://github.com/AlgemDeFi,AlgemDeFi,defi,astar
148,DarkCrypto Finance,https://dappradar.com/cronos/defi/darkcrypto-finance,https://github.com/darkcryptofi,darkcryptofi,defi,cronos
149,HunnySwap,https://dappradar.com/avalanche/defi/hunnyswap,https://github.com/hunnyfinance,hunnyfinance,defi,avalanche
150,MoonBeans,https://dappradar.com/multichain/marketplaces/moonbeans,https://github.com/moonbeans-org,moonbeans-org,marketplaces,multichain
151,Muuu Finance,https://dappradar.com/astar/defi/muuu-finance,https://github.com/muuu-finance,muuu-finance,defi,astar
152,Swapr,https://dappradar.com/ethereum/exchanges/swapr,https://github.com/levelkdev/dxswap-dapp,levelkdev,exchanges,ethereum
153,Nacho Finance,https://dappradar.com/polygon/defi/nacho-finance,https://github.com/0xalmanac/nacho-contracts,0xalmanac,defi,polygon
154,Wolfible,https://dappradar.com/multichain/collectibles/wolfible,https://github.com/wolfilandmetaverse,wolfilandmetaverse,collectibles,multichain
155,deBridge,https://dappradar.com/multichain/defi/debridge,https://github.com/debridge-finance/,debridge-finance,defi,multichain
156,Lizard,https://dappradar.com/oasis/exchanges/lizard,https://github.com/Lizard-Exchange/,Lizard-Exchange,exchanges,oasis
157,Mobius Money,https://dappradar.com/celo/defi/mobius-money,https://github.com/mobiusAMM,mobiusAMM,defi,celo
158,Stake DAO,https://dappradar.com/ethereum/defi/stake-dao,https://github.com/StakeDAO,StakeDAO,defi,ethereum
159,BerryClub,https://dappradar.com/near/defi/berryclub,https://github.com/evgenykuzyakov/berryclub,evgenykuzyakov,defi,near
160,HODL,https://dappradar.com/binance-smart-chain/defi/hodl,https://github.com/hodl-token/HODL,hodl-token,defi,binance-smart-chain
161,youves,https://dappradar.com/tezos/defi/youves,https://github.com/youves-com,youves-com,defi,tezos
162,BambooDeFi,https://dappradar.com/binance-smart-chain/defi/bamboodefi,https://github.com/bamboo-defi,bamboo-defi,defi,binance-smart-chain
163,DeFiner,https://dappradar.com/multichain/defi/definer,https://github.com/DeFinerOrg,DeFinerOrg,defi,multichain
164,Fei Protocol,https://dappradar.com/ethereum/defi/fei-protocol,https://github.com/fei-protocol/fei-protocol-core,fei-protocol,defi,ethereum
165,Galactic Arena,https://dappradar.com/binance-smart-chain/games/galactic-arena,https://github.com/thenftverse/smartcontracts,thenftverse,games,binance-smart-chain
166,Pancake Bunny,https://dappradar.com/binance-smart-chain/defi/pancake-bunny,https://github.com/PancakeBunny-finance/Bunny,PancakeBunny-finance,defi,binance-smart-chain
167,Entity,https://dappradar.com/binance-smart-chain/defi/entity,https://github.com/entitycapital,entitycapital,defi,binance-smart-chain
168,MicroPETS,https://dappradar.com/binance-smart-chain/defi/micropets,https://github.com/MicroPetsbsc,MicroPetsbsc,defi,binance-smart-chain
169,Rune,https://dappradar.com/multichain/games/rune,https://github.com/RuneMetaverse,RuneMetaverse,games,multichain
170,VIMM,https://dappradar.com/hive/social/vimm,https://github.com/chirenonhive/VimmTV,chirenonhive,social,hive
171,Elpis Battle,https://dappradar.com/binance-smart-chain/games/elpis-battle,https://github.com/ElpisGames,ElpisGames,games,binance-smart-chain
172,Hundred Finance,https://dappradar.com/multichain/defi/hundred-finance,https://github.com/hundred-finance,hundred-finance,defi,multichain
173,Skyward Finance,https://dappradar.com/near/defi/skyward-finance,https://github.com/skyward-finance/,skyward-finance,defi,near
174,Unite Finance,https://dappradar.com/harmony/defi/unite-finance,https://github.com/unitefinance/unite-contracts,unitefinance,defi,harmony
175,ZoomSwap V2,https://dappradar.com/iotex/defi/zoomswap-v2,https://github.com/zoomswap,zoomswap,defi,iotex
176,Tranchess Protocol,https://dappradar.com/binance-smart-chain/defi/tranchess-protocol,https://github.com/tranchess,tranchess,defi,binance-smart-chain
177,HappyLand,https://dappradar.com/binance-smart-chain/games/happyland,https://github.com/happyland-finance,happyland-finance,games,binance-smart-chain
178,Minotaur Money,https://dappradar.com/cronos/defi/minotaur-money,https://github.com/MinotaurMoney/,MinotaurMoney,defi,cronos
179,AuraSwap,https://dappradar.com/polygon/exchanges/auraswap,https://github.com/AuraSwap-DEX,AuraSwap-DEX,exchanges,polygon
180,Boid,https://dappradar.com/multichain/other/boid,https://github.com/boid-com,boid-com,other,multichain
181,DuneSwap,https://dappradar.com/oasis/defi/duneswap,https://github.com/duneswap,duneswap,defi,oasis
182,RugZombie,https://dappradar.com/binance-smart-chain/collectibles/rugzombie,https://github.com/Rug-Zombie,Rug-Zombie,collectibles,binance-smart-chain
183,XCarnival,https://dappradar.com/multichain/defi/xcarnival,https://github.com/xcarnival,xcarnival,defi,multichain
184,DAPP Network,https://dappradar.com/eos/other/dapp-network,https://github.com/liquidapps-io,liquidapps-io,other,eos
185,GemKeeper Finance,https://dappradar.com/oasis/defi/gemkeeper-finance,https://github.com/GemKeeperDEV/GemKeeperFinance,GemKeeperDEV,defi,oasis
186,CougarSwap,https://dappradar.com/multichain/defi/cougarswap,https://github.com/cougarswap,cougarswap,defi,multichain
187,OmniDex,https://dappradar.com/telosevm/defi/omnidex,https://github.com/OmniDexFinance,OmniDexFinance,defi,telosevm
188,RenVM,https://dappradar.com/multichain/defi/renvm,https://github.com/renproject,renproject,defi,multichain
189,Sirius Finance,https://dappradar.com/astar/defi/sirius-finance,https://github.com/SiriusFinance,SiriusFinance,defi,astar
190,T-Starter,https://dappradar.com/telos/defi/t-starter,https://github.com/T-Starter,T-Starter,defi,telos
191,FlameDeFi,https://dappradar.com/tezos/defi/flamedefi,https://github.com/flamedefi,flamedefi,defi,tezos
192,Float,https://dappradar.com/multichain/defi/float,https://github.com/Float-Capital,Float-Capital,defi,multichain
193,NEST FI,https://dappradar.com/multichain/defi/nest-fi,https://github.com/NEST-Protocol,NEST-Protocol,defi,multichain
194,Tetra,https://dappradar.com/multichain/other/tetra,https://github.com/orbs-network,orbs-network,other,multichain
195,InsurAce Protocol,https://dappradar.com/multichain/defi/insurace-protocol,https://github.com/InsurAce-Protocol,InsurAce-Protocol,defi,multichain
196,Moonpot,https://dappradar.com/binance-smart-chain/defi/moonpot,https://github.com/moonpotdev,moonpotdev,defi,binance-smart-chain
197,pSTAKE Finance,https://dappradar.com/binance-smart-chain/defi/pstake-finance,https://github.com/persistenceOne/stkBNB-contracts,persistenceOne,defi,binance-smart-chain
198,Uniswap V1,https://dappradar.com/ethereum/exchanges/uniswap-v1,https://github.com/Uniswap,Uniswap,exchanges,ethereum
199,XDAO,https://dappradar.com/multichain/defi/xdao,https://github.com/xDAO-App,xDAO-App,defi,multichain
200,xWIN Finance,https://dappradar.com/binance-smart-chain/defi/xwin-finance,https://github.com/xwinfinance/xWinBSC,xwinfinance,defi,binance-smart-chain
201,Dragon Master,https://dappradar.com/multichain/games/dragon-master,https://github.com/dragonmasterco/dragonmaster,dragonmasterco,games,multichain
202,ForTube,https://dappradar.com/multichain/defi/fortube,https://github.com/thefortube,thefortube,defi,multichain
203,Gravity Finance,https://dappradar.com/polygon/defi/gravity-finance,https://github.com/inthenextversion,inthenextversion,defi,polygon
204,Helix,https://dappradar.com/ethereum/defi/helix,https://github.com/helixgeometry,helixgeometry,defi,ethereum
205,Juster,https://dappradar.com/tezos/defi/juster,https://github.com/juster-finance,juster-finance,defi,tezos
206,Relay Chain,https://dappradar.com/multichain/defi/relay-chain,https://github.com/RelayChain,RelayChain,defi,multichain
207,Saddle Finance,https://dappradar.com/ethereum/defi/saddle-finance,https://github.com/saddle-finance,saddle-finance,defi,ethereum
208,Versa,https://dappradar.com/astar/exchanges/versa,https://github.com/versa-finance-dev,versa-finance-dev,exchanges,astar
209,WISE,https://dappradar.com/ethereum/defi/wise,https://github.com/wise-foundation,wise-foundation,defi,ethereum
210,Yup,https://dappradar.com/multichain/social/yup,https://github.com/Yup-io,Yup-io,social,multichain
211,AngeL Nodes,https://dappradar.com/binance-smart-chain/high-risk/angel-nodes,https://github.com/NemesisDao/AngeL-Nodes,NemesisDao,high-risk,binance-smart-chain
212,beempy,https://dappradar.com/hive/other/beempy,https://github.com/holgern/beem,holgern,other,hive
213,Qubit Finance,https://dappradar.com/binance-smart-chain/defi/qubit-finance,https://github.com/PancakeBunny-finance/qubit-finance,PancakeBunny-finance,defi,binance-smart-chain
214,Sablier,https://dappradar.com/ethereum/defi/sablier,https://github.com/sablierhq,sablierhq,defi,ethereum
215,Weave,https://dappradar.com/binance-smart-chain/defi/weave,https://github.com/Weave-fi/,Weave-fi,defi,binance-smart-chain
216,CORE Vault,https://dappradar.com/ethereum/defi/core-vault,https://github.com/cVault-finance,cVault-finance,defi,ethereum
217,Dante Finance,https://dappradar.com/fantom/defi/dante-finance,https://github.com/dante-finance,dante-finance,defi,fantom
218,Devil Finance,https://dappradar.com/fantom/defi/devil-finance,https://github.com/devilfinanceio/devil-official-contracts,devilfinanceio,defi,fantom
219,Evervoid by Gravis Finance,https://dappradar.com/multichain/games/evervoid-by-gravis-finance,https://github.com/gravis-finance,gravis-finance,games,multichain
220,Helena Financial,https://dappradar.com/binance-smart-chain/defi/helena-financial,https://github.com/NemesisDao/Helena-Financial,NemesisDao,defi,binance-smart-chain
221,MacaronSwap,https://dappradar.com/binance-smart-chain/defi/macaronswap,https://github.com/macaronswap,macaronswap,defi,binance-smart-chain
222,Pandaswap,https://dappradar.com/binance-smart-chain/exchanges/pandaswap,https://github.com/baofinance,baofinance,exchanges,binance-smart-chain
223,Definix,https://dappradar.com/multichain/defi/definix,https://github.com/thesixnetwork/business/commit/d25d2f1826e3d7d906cd263aad18b25359006fe2#diff-c88a6e6208b57a39b59dd8e570a66708cb15fc902b6c680cc6c2d1abc30b034b,thesixnetwork,defi,multichain
224,Infinity Crypto,https://dappradar.com/binance-smart-chain/defi/infinity-crypto,https://github.com/InfinityWallet,InfinityWallet,defi,binance-smart-chain
225,Neopin,https://dappradar.com/klaytn/defi/neopin,https://github.com/Neopin/Contracts,Neopin,defi,klaytn
226,O3 Swap,https://dappradar.com/binance-smart-chain/defi/o3-swap,https://github.com/O3Labs,O3Labs,defi,binance-smart-chain
227,Polkamarkets,https://dappradar.com/multichain/defi/polkamarkets,https://github.com/Polkamarkets,Polkamarkets,defi,multichain
228,Singular Farm,https://dappradar.com/multichain/defi/singular-farm,https://github.com/singularfarm,singularfarm,defi,multichain
229,Solana Multisender,https://dappradar.com/solana/other/solana-multisender,https://github.com/CoinTool-App,CoinTool-App,other,solana
230,Chainmonsters,https://dappradar.com/flow/games/chainmonsters,https://github.com/bsidegames,bsidegames,games,flow
231,DRIVENswap,https://dappradar.com/binance-smart-chain/defi/drivenswap,https://github.com/DRIVENecosystem,DRIVENecosystem,defi,binance-smart-chain
232,Etherspot,https://dappradar.com/multichain/other/etherspot,https://github.com/etherspot/etherspot-sdk,etherspot,other,multichain
233,Instadapp,https://dappradar.com/multichain/defi/instadapp,https://github.com/instadapp,instadapp,defi,multichain
234,Magic Land Finance,https://dappradar.com/iotex/defi/magic-land-finance,https://github.com/magiclandfinance,magiclandfinance,defi,iotex
235,SuperLauncher,https://dappradar.com/binance-smart-chain/defi/superlauncher,https://github.com/SuperLauncher/SmartContracts,SuperLauncher,defi,binance-smart-chain
236,USDFI,https://dappradar.com/multichain/defi/usdfi,https://github.com/USDFI,USDFI,defi,multichain
237,Yupana Finance,https://dappradar.com/tezos/defi/yupana-finance,https://github.com/madfish-solutions/yupana-contracts,madfish-solutions,defi,tezos
238,Alchemist Reward Program,https://dappradar.com/multichain/defi/alchemist-reward-program,https://github.com/alchemistcoin,alchemistcoin,defi,multichain
239,Cowswap,https://dappradar.com/binance-smart-chain/defi/cowswap,https://github.com/cowswap,cowswap,defi,binance-smart-chain
240,Darkside Finance,https://dappradar.com/polygon/defi/darkside-finance,https://github.com/LithiumSwapTech,LithiumSwapTech,defi,polygon
241,Deri Protocol,https://dappradar.com/binance-smart-chain/exchanges/deri-protocol,https://github.com/deri-protocol,deri-protocol,exchanges,binance-smart-chain
242,DungeonSwap,https://dappradar.com/binance-smart-chain/games/dungeonswap,https://github.com/dungeonswap/,dungeonswap,games,binance-smart-chain
243,ETHA Lend,https://dappradar.com/polygon/defi/etha-lend,https://github.com/ethalend,ethalend,defi,polygon
244,Frax Finance,https://dappradar.com/multichain/defi/frax-finance,https://github.com/FraxFinance,FraxFinance,defi,multichain
245,JellyBeanBag,https://dappradar.com/multichain/high-risk/jellybeanbag,https://github.com/cyberminter,cyberminter,high-risk,multichain
246,Kalata,https://dappradar.com/binance-smart-chain/defi/kalata,https://github.com/kalata-io/kalata-contracts,kalata-io,defi,binance-smart-chain
247,Planet Sandbox,https://dappradar.com/binance-smart-chain/games/planet-sandbox,https://github.com/TheMinders/planetsandbox-token-contract,TheMinders,games,binance-smart-chain
248,Samusky Token,https://dappradar.com/solana/defi/samusky-token,https://github.com/samuskyio,samuskyio,defi,solana
249,Swamp Finance,https://dappradar.com/multichain/defi/swamp-finance,https://github.com/swamp-finance,swamp-finance,defi,multichain
250,TendieSwap,https://dappradar.com/binance-smart-chain/defi/tendieswap,https://github.com/tendieswap,tendieswap,defi,binance-smart-chain
251,Treasure Chess,https://dappradar.com/polygon/collectibles/treasure-chess,https://github.com/treasure-chess,treasure-chess,collectibles,polygon
252,Treasureland,https://dappradar.com/multichain/marketplaces/treasureland,https://github.com/orgs/treasureland-market,orgs,marketplaces,multichain
253,WaultSwap,https://dappradar.com/multichain/exchanges/waultswap,https://github.com/WaultFinance,WaultFinance,exchanges,multichain
254,ApeRocket,https://dappradar.com/binance-smart-chain/defi/aperocket,https://github.com/ApeRocket-Labs,ApeRocket-Labs,defi,binance-smart-chain
255,Avastars,https://dappradar.com/ethereum/collectibles/avastars,https://github.com/Dapp-Wizards/Avastars-Contracts,Dapp-Wizards,collectibles,ethereum
256,CashCow Protocol,https://dappradar.com/binance-smart-chain/defi/cashcow-protocol,https://github.com/CashCowProject,CashCowProject,defi,binance-smart-chain
257,DeFi Yield Protocol,https://dappradar.com/multichain/defi/defi-yield-protocol,https://github.com/dypfinance,dypfinance,defi,multichain
258,Evolution Land,https://dappradar.com/multichain/games/evolution-land,https://github.com/evolutionlandorg/,evolutionlandorg,games,multichain
259,Fabwelt,https://dappradar.com/multichain/games/fabwelt,https://github.com/Fabwelt,Fabwelt,games,multichain
260,FishFight,https://dappradar.com/harmony/games/fishfight,https://github.com/TrustlessTeam,TrustlessTeam,games,harmony
261,Idle,https://dappradar.com/ethereum/defi/idle,https://github.com/Idle-Labs/,Idle-Labs,defi,ethereum
262,LNSwap,https://dappradar.com/stacks/defi/lnswap,https://github.com/lnswap,lnswap,defi,stacks
263,Lootex,https://dappradar.com/multichain/marketplaces/lootex,https://github.com/lootex-io/,lootex-io,marketplaces,multichain
264,Mint Club,https://dappradar.com/binance-smart-chain/social/mint-club,https://github.com/Steemhunt/mint.club-contract,Steemhunt,social,binance-smart-chain
265,PantherSwap,https://dappradar.com/binance-smart-chain/defi/pantherswap,https://github.com/pantherswap,pantherswap,defi,binance-smart-chain
266,POB,https://dappradar.com/ethereum/collectibles/pob,https://github.com/proofofbeauty,proofofbeauty,collectibles,ethereum
267,Rainbow Bridge,https://dappradar.com/near/other/rainbow-bridge,https://twitter.com/nearprotocolhttps://github.com/near/rainbow-bridge,nearprotocolhttps:,other,near
268,RingFi,https://dappradar.com/binance-smart-chain/defi/ringfi,https://github.com/ringfi/,ringfi,defi,binance-smart-chain
269,Solana Farm,https://dappradar.com/binance-smart-chain/defi/solana-farm,https://github.com/Solanafarm/Solanafarm,Solanafarm,defi,binance-smart-chain
270,Strike Finance,https://dappradar.com/ethereum/defi/strike-finance,https://github.com/StrikeFinance,StrikeFinance,defi,ethereum
271,TitaniumChain,https://dappradar.com/binance-smart-chain/high-risk/titaniumchain,https://github.com/TitaniumChain,TitaniumChain,high-risk,binance-smart-chain
272,Unicly,https://dappradar.com/ethereum/exchanges/unicly,https://github.com/uniclyNFT,uniclyNFT,exchanges,ethereum
273,ZCore Finance,https://dappradar.com/binance-smart-chain/defi/zcore-finance,https://github.com/zcore-coin/,zcore-coin,defi,binance-smart-chain
274,Zunami Protocol,https://dappradar.com/ethereum/defi/zunami-protocol,https://github.com/ZunamiLab/ZunamiProtocol,ZunamiLab,defi,ethereum
275,BloctoBay,https://dappradar.com/flow/marketplaces/bloctobay,https://github.com/portto,portto,marketplaces,flow
276,Cykura,https://dappradar.com/solana/defi/cykura,https://github.com/cykura,cykura,defi,solana
277,Ellipsis Finance,https://dappradar.com/binance-smart-chain/defi/ellipsis-finance,https://github.com/ellipsis-finance,ellipsis-finance,defi,binance-smart-chain
278,FATExFi,https://dappradar.com/polygon/defi/fatexfi,https://github.com/FATEx-DAO/,FATEx-DAO,defi,polygon
279,KokomoSwap,https://dappradar.com/binance-smart-chain/defi/kokomoswap,https://github.com/KokomoSwap,KokomoSwap,defi,binance-smart-chain
280,LatteSwap,https://dappradar.com/binance-smart-chain/defi/latteswap,https://github.com/latteswap-official,latteswap-official,defi,binance-smart-chain
281,LazyMint,https://dappradar.com/binance-smart-chain/defi/lazymint,https://github.com/LazyMint,LazyMint,defi,binance-smart-chain
282,MetaRevo,https://dappradar.com/binance-smart-chain/high-risk/metarevo,https://github.com/metarevolution,metarevolution,high-risk,binance-smart-chain
283,NewBFarm,https://dappradar.com/binance-smart-chain/defi/newbfarm,https://github.com/NewBFarm,NewBFarm,defi,binance-smart-chain
284,ONEverse,https://dappradar.com/harmony/games/oneverse,https://github.com/oneverseone,oneverseone,games,harmony
285,Orbit,https://dappradar.com/polygon/defi/orbit,https://github.com/FiveElementsLabs/orbit-defi,FiveElementsLabs,defi,polygon
286,PERI Finance,https://dappradar.com/polygon/defi/peri-finance,https://github.com/perifinance,perifinance,defi,polygon
287,PhoenixDefi Finance,https://dappradar.com/binance-smart-chain/defi/phoenixdefi-finance,https://github.com/phoenixdefi/PhoenixDefiContract,phoenixdefi,defi,binance-smart-chain
288,Reflexer Labs,https://dappradar.com/ethereum/defi/reflexer-labs,https://github.com/reflexer-labs,reflexer-labs,defi,ethereum
289,SCREAM,https://dappradar.com/fantom/defi/scream,https://github.com/scream-finance,scream-finance,defi,fantom
290,SILO,https://dappradar.com/binance-smart-chain/defi/silo,https://github.com/br34p/,br34p,defi,binance-smart-chain
291,UniLend Finance,https://dappradar.com/multichain/defi/unilend-finance,https://github.com/UniLend,UniLend,defi,multichain
292,United Farmers X,https://dappradar.com/binance-smart-chain/high-risk/united-farmers-x,https://github.com/united-farmers-finance,united-farmers-finance,high-risk,binance-smart-chain
293,Vesper,https://dappradar.com/ethereum/defi/vesper,https://github.com/vesperfi,vesperfi,defi,ethereum
294,Augmented Finance,https://dappradar.com/multichain/defi/augmented-finance,https://github.com/augmented-finance/augmented-finance-protocol,augmented-finance,defi,multichain
295,Barbershop Finance,https://dappradar.com/polygon/defi/barbershop-finance,https://github.com/BarbershopFinance,BarbershopFinance,defi,polygon
296,BRUTUS TOKEN,https://dappradar.com/tron/high-risk/brutus-token,https://github.com/brutustoken/,brutustoken,high-risk,tron
297,Channels,https://dappradar.com/multichain/defi/channels,https://github.com/ChannelsFinance,ChannelsFinance,defi,multichain
298,CheeseSwap,https://dappradar.com/binance-smart-chain/exchanges/cheeseswap,https://github.com/cheeseswapbsc/,cheeseswapbsc,exchanges,binance-smart-chain
299,Chocomint,https://dappradar.com/multichain/other/chocomint,https://github.com/chocomintapp,chocomintapp,other,multichain
300,CryptoSwap,https://dappradar.com/binance-smart-chain/defi/cryptoswap,https://github.com/CryptoDevelopmentServices,CryptoDevelopmentServices,defi,binance-smart-chain
301,Cycle Finance,https://dappradar.com/avalanche/defi/cycle-finance,https://github.com/CycleProtocol,CycleProtocol,defi,avalanche
302,Golff,https://dappradar.com/binance-smart-chain/defi/golff,https://github.com/golfffinance/,golfffinance,defi,binance-smart-chain
303,HealthFi App,https://dappradar.com/binance-smart-chain/games/healthfi-app,https://github.com/HealthFi-App,HealthFi-App,games,binance-smart-chain
304,Mooniswap,https://dappradar.com/ethereum/exchanges/mooniswap,https://github.com/CryptoManiacsZone/mooniswap,CryptoManiacsZone,exchanges,ethereum
305,MoonRat Finance,https://dappradar.com/binance-smart-chain/defi/moonrat-finance,https://github.com/MoonRat-Finance,MoonRat-Finance,defi,binance-smart-chain
306,MStation,https://dappradar.com/binance-smart-chain/games/mstation,https://github.com/MStation-io/token-contract,MStation-io,games,binance-smart-chain
307,NFTMart,https://dappradar.com/hive/marketplaces/nftmart,https://github.com/NFTMart,NFTMart,marketplaces,hive
308,Night Life Crypto,https://dappradar.com/binance-smart-chain/games/night-life-crypto,https://github.com/Night-Life-Crypto,Night-Life-Crypto,games,binance-smart-chain
309,Polyroll,https://dappradar.com/polygon/gambling/polyroll,https://github.com/polyroll,polyroll,gambling,polygon
310,Punk Domain,https://dappradar.com/multichain/other/punk-domain,https://github.com/punk-domains,punk-domains,other,multichain
311,Rabbit Finance,https://dappradar.com/binance-smart-chain/defi/rabbit-finance,https://github.com/RabbitFinanceProtocol,RabbitFinanceProtocol,defi,binance-smart-chain
312,Shield,https://dappradar.com/binance-smart-chain/defi/shield,https://github.com/ShieldDAODev/shield-contracts-v1,ShieldDAODev,defi,binance-smart-chain
313,Singularity,https://dappradar.com/binance-smart-chain/games/singularity,https://github.com/Singularitysgly,Singularitysgly,games,binance-smart-chain
314,Slavi Dapp,https://dappradar.com/binance-smart-chain/defi/slavi-dapp,https://github.com/slvlabs,slvlabs,defi,binance-smart-chain
315,SLM Games,https://dappradar.com/multichain/gambling/slm-games,https://github.com/SLMGames,SLMGames,gambling,multichain
316,SMXSwap,https://dappradar.com/cronos/defi/smxswap,https://github.com/Stronghands-Money,Stronghands-Money,defi,cronos
317,TamaDROID NFT Game,https://dappradar.com/binance-smart-chain/games/tamadroid-nft-game,https://github.com/droidcoin-bsc/droid,droidcoin-bsc,games,binance-smart-chain
318,Trust Domains,https://dappradar.com/binance-smart-chain/other/trust-domains,https://github.com/trustdomains,trustdomains,other,binance-smart-chain
319,USTX DEX,https://dappradar.com/tron/defi/ustx-dex,https://github.com/ustx/ustx-dex,ustx,defi,tron
320,WhaleSwap,https://dappradar.com/binance-smart-chain/exchanges/whaleswap,https://github.com/whale-swap,whale-swap,exchanges,binance-smart-chain
321,ZilChill,https://dappradar.com/zilliqa/gambling/zilchill,https://github.com/RedChillies-Core,RedChillies-Core,gambling,zilliqa
322,ADAO,https://dappradar.com/astar/other/adao,https://github.com/ADAOTOP,ADAOTOP,other,astar
323,ArenaSwap,https://dappradar.com/binance-smart-chain/games/arenaswap,https://github.com/arenaswap,arenaswap,games,binance-smart-chain
324,Bankroll Network,https://dappradar.com/tron/other/bankroll-network,https://github.com/bankrollnetwork,bankrollnetwork,other,tron
325,Bauhaus Blocks,https://dappradar.com/ethereum/collectibles/bauhaus-blocks,https://github.com/patrn-me/,patrn-me,collectibles,ethereum
326,BSCswap,https://dappradar.com/binance-smart-chain/exchanges/bscswap,https://github.com/bscswap/contracts,bscswap,exchanges,binance-smart-chain
327,Capital DEX,https://dappradar.com/ethereum/exchanges/capital-dex,https://github.com/CurioTeam,CurioTeam,exchanges,ethereum
328,Carv,https://dappradar.com/multichain/games/carv,https://github.com/carv-protocol,carv-protocol,games,multichain
329,CheeseCakeSwap,https://dappradar.com/binance-smart-chain/defi/cheesecakeswap,https://github.com/cheesecakeswap/,cheesecakeswap,defi,binance-smart-chain
330,ChimpySwap,https://dappradar.com/binance-smart-chain/defi/chimpyswap,https://github.com/chimpyswap,chimpyswap,defi,binance-smart-chain
331,Curiumverse,https://dappradar.com/binance-smart-chain/other/curiumverse,https://github.com/CuriumVerse,CuriumVerse,other,binance-smart-chain
332,DEGO Finance,https://dappradar.com/ethereum/defi/dego-finance,https://github.com/dego-labs,dego-labs,defi,ethereum
333,Dopple Finance,https://dappradar.com/binance-smart-chain/exchanges/dopple-finance,https://github.com/DoppleFinance/dopple-contract,DoppleFinance,exchanges,binance-smart-chain
334,Exon Center,https://dappradar.com/tron/exchanges/exon-center,https://github.com/exon-center,exon-center,exchanges,tron
335,FantomStarter,https://dappradar.com/multichain/other/fantomstarter,https://github.com/fantomstarter,fantomstarter,other,multichain
336,FDoge Finance,https://dappradar.com/fantom/defi/fdoge-finance,https://github.com/FdogeFinance,FdogeFinance,defi,fantom
337,FunBeast,https://dappradar.com/astar/defi/funbeast,https://github.com/FunBeast,FunBeast,defi,astar
338,FungFi,https://dappradar.com/polygon/defi/fungfi,https://github.com/fungfi,fungfi,defi,polygon
339,GhostMarket,https://dappradar.com/multichain/marketplaces/ghostmarket,https://github.com/onblockio,onblockio,marketplaces,multichain
340,Index Coop,https://dappradar.com/ethereum/defi/index-coop,https://github.com/IndexCoop,IndexCoop,defi,ethereum
341,Kromatika Finance,https://dappradar.com/multichain/defi/kromatika-finance,https://github.com/Kromatika-Finance,Kromatika-Finance,defi,multichain
342,KwikSwap Protocol,https://dappradar.com/ethereum/exchanges/kwikswap-protocol,https://github.com/kwikswap,kwikswap,exchanges,ethereum
343,LimeSwap,https://dappradar.com/binance-smart-chain/defi/limeswap,https://github.com/limeswapio,limeswapio,defi,binance-smart-chain
344,LlamaSwap,https://dappradar.com/binance-smart-chain/defi/llamaswap,https://github.com/Llamafinance,Llamafinance,defi,binance-smart-chain
345,MetaLove,https://dappradar.com/binance-smart-chain/social/metalove,https://github.com/MetaLoveBsc/MetaLoveBsc,MetaLoveBsc,social,binance-smart-chain
346,Nexus Mutual,https://dappradar.com/ethereum/defi/nexus-mutual,https://github.com/NexusMutual,NexusMutual,defi,ethereum
347,RAI Finance,https://dappradar.com/multichain/defi/rai-finance,https://github.com/RaiFinance,RaiFinance,defi,multichain
348,RAMP DEFI,https://dappradar.com/multichain/defi/ramp-defi,https://github.com/RAMP-DEFI,RAMP-DEFI,defi,multichain
349,RottenSwap,https://dappradar.com/ethereum/defi/rottenswap,https://github.com/rottenswap,rottenswap,defi,ethereum
350,SatisFinance,https://dappradar.com/binance-smart-chain/defi/satisfinance,https://github.com/RenovJ/SatisFi-contracts,RenovJ,defi,binance-smart-chain
351,SIL FINANCE,https://dappradar.com/multichain/defi/sil-finance,https://github.com/sil-finance,sil-finance,defi,multichain
352,Snowball,https://dappradar.com/avalanche/defi/snowball,https://github.com/Snowball-Finance,Snowball-Finance,defi,avalanche
353,Stone Temple Binance,https://dappradar.com/binance-smart-chain/defi/stone-temple-binance,https://github.com/LithiumSwapTech,LithiumSwapTech,defi,binance-smart-chain
354,Swerve Finance,https://dappradar.com/ethereum/defi/swerve-finance,https://github.com/SwerveFinance,SwerveFinance,defi,ethereum
355,TradingTigers Swap,https://dappradar.com/binance-smart-chain/exchanges/tradingtigers-swap,https://github.com/trading-tiger,trading-tiger,exchanges,binance-smart-chain
356,TripleFi,https://dappradar.com/polygon/defi/triplefi,https://github.com/triplefi,triplefi,defi,polygon
357,TrustFi,https://dappradar.com/multichain/defi/trustfi,https://github.com/TrustFiNetwork,TrustFiNetwork,defi,multichain
358,Tutti Frutti,https://dappradar.com/binance-smart-chain/defi/tutti-frutti,https://github.com/TuttiFruttiFinance/tff-protocol,TuttiFruttiFinance,defi,binance-smart-chain
359,Typhoon Network,https://dappradar.com/binance-smart-chain/defi/typhoon-network,https://github.com/typhoonnetwork,typhoonnetwork,defi,binance-smart-chain
360,Value DeFi,https://dappradar.com/binance-smart-chain/defi/value-defi,https://github.com/valuedefi,valuedefi,defi,binance-smart-chain
361,Venera Swap,https://dappradar.com/binance-smart-chain/defi/venera-swap,https://github.com/VeneraFinance,VeneraFinance,defi,binance-smart-chain
362,Viking Swap,https://dappradar.com/binance-smart-chain/defi/viking-swap,https://github.com/VikingDefi/,VikingDefi,defi,binance-smart-chain
363,Wrap Protocol,https://dappradar.com/tezos/defi/wrap-protocol,https://github.com/bender-labs,bender-labs,defi,tezos
364,Age of Tanks,https://dappradar.com/binance-smart-chain/games/age-of-tanks,https://github.com/DEFINATION-PTE-LTD/ageoftanks.git,DEFINATION-PTE-LTD,games,binance-smart-chain
365,Alchemy DAO,https://dappradar.com/ethereum/collectibles/alchemy-dao,https://github.com/AlchemyDAO,AlchemyDAO,collectibles,ethereum
366,Alkemi Earn,https://dappradar.com/ethereum/defi/alkemi-earn,https://github.com/AlkemiNetwork,AlkemiNetwork,defi,ethereum
367,Alpaca City,https://dappradar.com/ethereum/defi/alpaca-city,https://github.com/AlpacaCity,AlpacaCity,defi,ethereum
368,BarnBridge,https://dappradar.com/ethereum/defi/barnbridge,https://github.com/BarnBridge,BarnBridge,defi,ethereum
369,BatSwap Finance,https://dappradar.com/polygon/defi/batswap-finance,https://github.com/batswapdotfinance,batswapdotfinance,defi,polygon
370,Bee Sender,https://dappradar.com/multichain/other/bee-sender,https://github.com/AlgoNetwork,AlgoNetwork,other,multichain
371,Bend DAO,https://dappradar.com/ethereum/defi/bend-dao,https://github.com/BendDAO,BendDAO,defi,ethereum
372,BenSwap,https://dappradar.com/binance-smart-chain/exchanges/benswap,https://github.com/BenTokenFinance,BenTokenFinance,exchanges,binance-smart-chain
373,BitBlocks Finance,https://dappradar.com/binance-smart-chain/defi/bitblocks-finance,https://github.com/BitBlocksProject,BitBlocksProject,defi,binance-smart-chain
374,Bitcratic,https://dappradar.com/ethereum/exchanges/bitcratic,https://github.com/Bitcratic,Bitcratic,exchanges,ethereum
375,BondAppetit,https://dappradar.com/ethereum/defi/bondappetit,https://github.com/bondappetit,bondappetit,defi,ethereum
376,Buffalo Swap,https://dappradar.com/binance-smart-chain/defi/buffalo-swap,https://github.com/buffaloswap,buffaloswap,defi,binance-smart-chain
377,BullRun Finance,https://dappradar.com/fantom/defi/bullrun-finance,https://github.com/BullRunFinance/contracts,BullRunFinance,defi,fantom
378,CBD CASH,https://dappradar.com/binance-smart-chain/defi/cbd-cash,https://github.com/cbdcash/cbd-contracts,cbdcash,defi,binance-smart-chain
379,CheersLand,https://dappradar.com/binance-smart-chain/games/cheersland,https://github.com/cheersland,cheersland,games,binance-smart-chain
380,CHIKIN,https://dappradar.com/solana/collectibles/chikin,https://github.com/ChikinDeveloper,ChikinDeveloper,collectibles,solana
381,Clipper DEX,https://dappradar.com/multichain/defi/clipper-dex,https://github.com/shipyard-software,shipyard-software,defi,multichain
382,Clock 24,https://dappradar.com/binance-smart-chain/high-risk/clock-24,https://github.com/clockx24,clockx24,high-risk,binance-smart-chain
383,Cocos-BCX,https://dappradar.com/binance-smart-chain/games/cocos-bcx,https://github.com/cocos-bcx,cocos-bcx,games,binance-smart-chain
384,CoPuppy,https://dappradar.com/binance-smart-chain/games/copuppy,https://github.com/copuppy/CP,copuppy,games,binance-smart-chain
385,Counterstake,https://dappradar.com/ethereum/defi/counterstake,https://github.com/byteball/counterstake-bridge,byteball,defi,ethereum
386,Cross Pool,https://dappradar.com/binance-smart-chain/defi/cross-pool,https://github.com/hotcrosscom/audits,hotcrosscom,defi,binance-smart-chain
387,Crypto Pirates,https://dappradar.com/binance-smart-chain/games/crypto-pirates,https://github.com/Cryptopiratesapp/Crypto-Pirates,Cryptopiratesapp,games,binance-smart-chain
388,Crypto Space War,https://dappradar.com/binance-smart-chain/games/crypto-space-war,https://github.com/Crypto-Space-War,Crypto-Space-War,games,binance-smart-chain
389,Cubie,https://dappradar.com/tron/collectibles/cubie,https://github.com/Cubie-3D-NFT,Cubie-3D-NFT,collectibles,tron
390,Darkness Finance,https://dappradar.com/cronos/defi/darkness-finance,https://github.com/darkcryptofinance,darkcryptofinance,defi,cronos
391,Double Club,https://dappradar.com/binance-smart-chain/defi/double-club,https://github.com/DoubleClub,DoubleClub,defi,binance-smart-chain
392,FarmersOnly Layer 2,https://dappradar.com/avalanche/defi/farmersonly-layer-2,https://github.com/farmersonlydefi,farmersonlydefi,defi,avalanche
393,FlashLiquidity,https://dappradar.com/polygon/defi/flashliquidity,https://github.com/flashliquidity,flashliquidity,defi,polygon
394,Fuse Network,https://dappradar.com/ethereum/other/fuse-network,https://github.com/fuseio,fuseio,other,ethereum
395,GameTokenFinance,https://dappradar.com/binance-smart-chain/marketplaces/gametokenfinance,https://github.com/GameTokenFinance,GameTokenFinance,marketplaces,binance-smart-chain
396,Gangster Finance,https://dappradar.com/binance-smart-chain/defi/gangster-finance,https://github.com/Gangster-Protocol,Gangster-Protocol,defi,binance-smart-chain
397,Genesys,https://dappradar.com/binance-smart-chain/defi/genesys,https://github.com/GenesysNetwork/genesys-sc-flattened,GenesysNetwork,defi,binance-smart-chain
398,HodlTree,https://dappradar.com/multichain/defi/hodltree,https://github.com/hodltreeprotocol,hodltreeprotocol,defi,multichain
399,IdaMurni,https://dappradar.com/polygon/exchanges/idamurni,https://github.com/idamurni,idamurni,exchanges,polygon
400,Instadapp Lite,https://dappradar.com/ethereum/defi/instadapp-lite,https://github.com/Instadapp,Instadapp,defi,ethereum
401,KaoyaSwap,https://dappradar.com/binance-smart-chain/defi/kaoyaswap,https://github.com/kaoya1125,kaoya1125,defi,binance-smart-chain
402,Metavault DAO,https://dappradar.com/multichain/defi/metavault-dao,https://github.com/metavaultorg/,metavaultorg,defi,multichain
403,NFTX,https://dappradar.com/ethereum/collectibles/nftx,https://github.com/NFTX-project,NFTX-project,collectibles,ethereum
404,Non-Fungible Soup,https://dappradar.com/ethereum/collectibles/non-fungible-soup,https://github.com/patrn-me/soups-smart-contracts,patrn-me,collectibles,ethereum
405,Omni Consumer Protocols,https://dappradar.com/binance-smart-chain/defi/omni-consumer-protocols,https://github.com/omni-corp-protocols,omni-corp-protocols,defi,binance-smart-chain
406,Pepemon,https://dappradar.com/ethereum/defi/pepemon,https://github.com/pepem00n/,pepem00n,defi,ethereum
407,PieDAO,https://dappradar.com/ethereum/defi/piedao,https://github.com/pie-dao,pie-dao,defi,ethereum
408,PitSafe Research Tool,https://dappradar.com/binance-smart-chain/defi/pitsafe-research-tool,https://github.com/pitbullBSC,pitbullBSC,defi,binance-smart-chain
409,PixieWorld,https://dappradar.com/iotex/games/pixieworld,https://github.com/pixiesoccer,pixiesoccer,games,iotex
410,Predictcoin,https://dappradar.com/binance-smart-chain/defi/predictcoin,https://github.com/predictcoin,predictcoin,defi,binance-smart-chain
411,Revoluzion dApp,https://dappradar.com/binance-smart-chain/defi/revoluzion-dapp,https://github.com/RevoluzionToken,RevoluzionToken,defi,binance-smart-chain
412,Rocket Pool,https://dappradar.com/ethereum/defi/rocket-pool,https://github.com/rocket-pool,rocket-pool,defi,ethereum
413,Roketo,https://dappradar.com/near/defi/roketo,https://github.com/roke-to,roke-to,defi,near
414,Safuu Classic,https://dappradar.com/binance-smart-chain/high-risk/safuu-classic,https://github.com/safuuclassic,safuuclassic,high-risk,binance-smart-chain
415,Sishi Finance,https://dappradar.com/binance-smart-chain/defi/sishi-finance,https://github.com/sishi-finance/,sishi-finance,defi,binance-smart-chain
416,STASH,https://dappradar.com/avalanche/high-risk/stash,https://github.com/solidproof/projects/tree/main/STASH,solidproof,high-risk,avalanche
417,Supremacy,https://dappradar.com/multichain/games/supremacy,https://github.com/ninja-syndicate/supremacy-contracts-public,ninja-syndicate,games,multichain
418,T-Starter,https://dappradar.com/wax/defi/t-starter,https://github.com/T-Starter,T-Starter,defi,wax
419,TamaDROID NFT Game,https://dappradar.com/binance-smart-chain/games/tamadroid-nft-game,https://github.com/droidcoin-bsc/droid,droidcoin-bsc,games,binance-smart-chain
420,TamagoSwap Finance,https://dappradar.com/polygon/defi/tamagoswap-finance,https://github.com/tamagoswap,tamagoswap,defi,polygon
421,Templar DAO,https://dappradar.com/binance-smart-chain/defi/templar-dao,https://github.com/TemplarDAO,TemplarDAO,defi,binance-smart-chain
422,Tezos Mandala,https://dappradar.com/tezos/marketplaces/tezos-mandala,https://github.com/Timikcool/tezos-mandala,Timikcool,marketplaces,tezos
423,TofuSwap,https://dappradar.com/tron/defi/tofuswap,https://github.com/tofudefi,tofudefi,defi,tron
424,TokenBB Batch Transfer,https://dappradar.com/multichain/other/tokenbb-batch-transfer,https://github.com/tokenbb-com,tokenbb-com,other,multichain
425,TokenJenny,https://dappradar.com/harmony/defi/tokenjenny,https://github.com/tokenjenny,tokenjenny,defi,harmony
426,TrustFi,https://dappradar.com/multichain/defi/trustfi,https://github.com/TrustFiNetwork,TrustFiNetwork,defi,multichain
427,Tulip,https://dappradar.com/oasis/defi/tulip,https://github.com/moneyTulip,moneyTulip,defi,oasis
428,Xpool,https://dappradar.com/binance-smart-chain/defi/xpool,https://github.com/Xpool-lab,Xpool-lab,defi,binance-smart-chain
429,Yield Yak,https://dappradar.com/avalanche/defi/yield-yak,https://github.com/yieldyak,yieldyak,defi,avalanche
430,Zest Protocol,https://dappradar.com/fantom/defi/zest-protocol,https://github.com/ZestProtocol,ZestProtocol,defi,fantom
